"Carimbo de data/hora","1.Qual o seu curso?","2. Qual o período cursado?","3. Informe os 7 últimos dígitos do seu RA: (109nnnxxxxxxx) ","4. Qual o estado do Brasil que você nasceu?","5. Qual sua cidade de residência?","6. Qual é o seu gênero?","6-1.Qual é a sua orientação sexual?","7. Agora vamos falar sobre sua idade:
Em qual dia você nasceu?","7-1. Em qual mês você nasceu?","7-2. Em qual ano você nasceu?","8. Qual é o seu estado civil?","9. Você é portador de alguma deficiência? (Pode selecionar mais de uma, se for o caso)","10. Quantos filhos você tem?","11. Com quem você mora atualmente?","12. Quantas pessoas, incluindo você, moram no seu domicílio?","13. Qual a situação do domicílio onde mora?","14. Tempo de moradia neste domicílio.","15. Você possui algum animal de estimação?","15-1. Qual(is) esporte(s) você pratica?","16. Qual a faixa de renda mensal da sua família (em Salários Mínimos)?","17. Quantos de cada um dos itens abaixo há em seu domicílio? [Televisor]","17. Quantos de cada um dos itens abaixo há em seu domicílio? [Automóvel]","17. Quantos de cada um dos itens abaixo há em seu domicílio? [Motocicleta]","17. Quantos de cada um dos itens abaixo há em seu domicílio? [Máquina de Lavar e/ou tanquinho]","17. Quantos de cada um dos itens abaixo há em seu domicílio? [Geladeira]","17. Quantos de cada um dos itens abaixo há em seu domicílio? [Celular Comum]","17. Quantos de cada um dos itens abaixo há em seu domicílio? [Smartphone e/ou tablet]","17. Quantos de cada um dos itens abaixo há em seu domicílio? [Microcomputador de Mesa (desktop)]","17. Quantos de cada um dos itens abaixo há em seu domicílio? [Notebook]","18. No seu domicílio você tem: [Telefone Fixo]","18. No seu domicílio você tem: [Internet]","18. No seu domicílio você tem: [TV por assinatura]","18. No seu domicílio você tem: [Empregada Mensalista]","19. Vamos tratar sobre trabalho agora:
Você trabalha?","19-1.Qual o seu vínculo com o emprego?","19-2. Qual a área do seu trabalho?","19-3 .Qual seu horário de trabalho?","19-. Qual a empresa que você está contratado agora?","20. Você tem plano de saúde privado?","21. Vamos considerar a escolaridade da família:
Qual o grau de escolaridade do seu pai?
(Somente o ensino completo) 
","21-1.Qual o grau de escolaridade da sua mãe?
(Somente o ensino completo)","22. Na sua vida escolar você estudou:","23. Vamos tratar sobre uso de microcomputadores (notebooks e desktops):
Com que frequência você utiliza microcomputadores?","23-1 .Onde você utiliza microcomputadores (notebooks e desktops)? [Em casa]","23-1 .Onde você utiliza microcomputadores (notebooks e desktops)? [No trabalho]","23-1 .Onde você utiliza microcomputadores (notebooks e desktops)? [Na escola]","23-1 .Onde você utiliza microcomputadores (notebooks e desktops)? [Em outros lugares]","23-2.Com qual finalidade você utiliza microcomputadores (notebooks e desktops)? [Para trabalhos profissionais:]","23-2.Com qual finalidade você utiliza microcomputadores (notebooks e desktops)? [Para trabalhos escolares:]","23-2.Com qual finalidade você utiliza microcomputadores (notebooks e desktops)? [Para entretenimento (músicas, vídeos, redes sociais, etc):]","23-2.Com qual finalidade você utiliza microcomputadores (notebooks e desktops)? [Para comunicação por e-mail:]","23-2.Com qual finalidade você utiliza microcomputadores (notebooks e desktops)? [Para operações bancárias:]","23-2.Com qual finalidade você utiliza microcomputadores (notebooks e desktops)? [Para compras eletrônicas:]"," 24.Como você classifica seu conhecimento em informática?","25. Qual o seu conhecimento em relação aos aplicativos a seguir? [Windows:]","25. Qual o seu conhecimento em relação aos aplicativos a seguir? [Linux:]","25. Qual o seu conhecimento em relação aos aplicativos a seguir? [Editores de textos (Word, Writer, etc.):]","25. Qual o seu conhecimento em relação aos aplicativos a seguir? [Planilhas eletrônicas (Excel, Calc, etc.):]","25. Qual o seu conhecimento em relação aos aplicativos a seguir? [Apresentadores (Powerpoint, Impress, Prezzi, etc.):]","25. Qual o seu conhecimento em relação aos aplicativos a seguir? [Sistemas de Gestão Empresarial]","26. Agora, considere seu conhecimento sobre o idioma Inglês: [Inglês]","26-1.considere seu conhecimento sobre o idioma Espanhol: [Espanhol]","26-2. Agora, considere seu conhecimento sobre outros idiomas: [Outros idiomas]","27.Com que frequência você busca informação nos seguintes meios de comunicação: [TV]","27.Com que frequência você busca informação nos seguintes meios de comunicação: [Internet]","27.Com que frequência você busca informação nos seguintes meios de comunicação: [Revistas]","27.Com que frequência você busca informação nos seguintes meios de comunicação: [Jornais (meio impresso)]","27.Com que frequência você busca informação nos seguintes meios de comunicação: [Rádio]","27.Com que frequência você busca informação nos seguintes meios de comunicação: [Redes sociais]","27.Com que frequência você busca informação nos seguintes meios de comunicação: [Conversas com amigos]","28. Se você lê jornal (digital ou impresso), qual a frequência?","29. Se você lê jornal (digital ou impresso), quais os assuntos que mais lê?","30. Não considerando os livros escolares, quantos livros você lê por ano (em média)?","31. Se você lê livros literários, qual o gênero preferido?","32. Você dedica parte do seu tempo para atividades voluntárias?","33. Qual religião você professa?","34. Quais fontes de entretenimento cultural você usa?","35. Estamos quase acabando... Como conheceu a FATEC Franca?","36. Porque você escolheu este curso?","37. Qual sua maior expectativa quanto ao curso?","38. Qual sua expectativa após se formar?","39. Você já estudou na FATEC - Franca?","40. Você fez ou faz algum curso técnico?","41. Qual o meio de transporte você usa para vir à escola?","42. Escreva algumas linhas sobre sua história e seus sonhos de vida."
"2022/09/05 8:48:36 PM GMT-3","ADS","Noturno","2213002","São Paulo (SP)","FRANCA","Mulher cis","Bissexual","1","Junho","2004","Solteiro(a)","Nenhuma","Nenhum","Com pais e(ou) parentes","3 pessoas","Financiado","3 a 4 anos","Cachorro","Nenhum","Mais que 2 até 5 SM (R$ 2.424 - R$6.060 )","2","1","0","1","1","0","3","0","1","Não","Sim","Não","Não","Sim","Sou registrado no comércio","Trabalho fora da área do curso","Manhã e tarde","Magalu","Tenho e é um plano familiar","Ensino Médio","Ensino Superior","Sempre em escola pública","Sempre (5 vezes por semana ou mais)","","","","","","","","","","","Pouco","Nenhum","Nenhum","Pouco","Pouco","Intermediário","Nenhum","Básico","Intermediário","Não fala","Nunca","Às vezes","Nunca","Nunca","Nunca","Às vezes","Sempre","Raramente","Lazer, arte e cultura","Até 2","Romance;Ficção;Aventura","Não","Evangélica","Cinema;Filmes na internet;Música;Viagens;Games","Indicação de familiar/amigo","Este curso forma profissionais facilmente absorvidos pelo mercado","Obter novos conhecimentos;Obter competências para exercício de uma profissão;Conhecer novas pessoas;Melhorar-me como pessoa para bons relacionamentos futuros;Obter um diploma de nível superior","Conquistar vaga em empresa privada;Melhorar cargo e salário na empresa que trabalho","Não","Sim, no SENAI","Ônibus","Infância difícil, sozinha, não ficar sozinha igual antigamente e ganhar dinheiro na profissão que desejo"
"2022/09/05 8:56:39 PM GMT-3","ADS","Noturno","2213015","São Paulo (SP)","FRANCA","Homem cis","Heterossexual","28","Fevereiro","1997","Casado(a) ou União Estável","Nenhuma","Nenhum","Com esposa(o) e(ou) filho(s)","2 pessoas","Próprio","Menos de 1 ano","Nenhum","Futebol/Futsal;Outro(s)","Mais que 5 até 10 SM (R$ 6.060 - R$ 12.120)","1","1","2","1","1","0","2","0","2","Não","Sim","Não","Não","Sim","Sou autônomo","Trabalho fora da área do curso","Manhã e tarde","Jardini Imóveis ","Não tenho, uso o SUS","Ensino Superior","Ensino fundamental I (1º ao 5º anos)","Sempre em escola pública","Nunca","Sim","Sim","Sim","Não","Sim","Sim","Sim","Sim","Sim","Sim","Intermediário","Intermediário","Pouco","Intermediário","Intermediário","Pouco","Nenhum","Intermediário","Básico","Intermediário","Às vezes","Sempre","Nunca","Nunca","Pouco","Às vezes","Às vezes","Não leio","Não leio jormal","Até 2","Autoajuda","Não","Evangélica","Viagens","Indicação de familiar/amigo","Minha intenção é seguir esta carreira","Obter novos conhecimentos;Obter competências para exercício de uma profissão","Conquistar vaga em empresa privada","Não","Não fiz","Carro (próprio)","Olá meu nome é Igor tenho 25 anos sou casado e estudo"
"2022/09/05 8:57:55 PM GMT-3","ADS","Noturno","2213025","São Paulo (SP)","FRANCA","Mulher cis","Heterossexual","26","Janeiro","1989","Solteiro(a)","Nenhuma","Nenhum","Com pais e(ou) parentes","2 pessoas","Próprio","Mais de 5 anos","Gato","Academia","Mais que 2 até 5 SM (R$ 2.424 - R$6.060 )","1","1","1","1","1","1","1","0","1","Não","Sim","Não","Não","Sim","Sou autônomo","Trabalho fora da área do curso","Manhã e tarde","Nenhuma sou autônomo","Não tenho, uso o SUS","Ensino fundamental I (1º ao 5º anos)","Ensino Médio","Sempre em escola pública","Muito (3 ou 4 vezes por semana)","","","","","","","","","","","Pouco","Intermediário","Nenhum","Pouco","Pouco","Pouco","Nenhum","Não fala","Não fala","Não fala","Às vezes","Às vezes","Nunca","Nunca","Pouco","Às vezes","Às vezes","Raramente","Não leio jormal","Até 2","Não leio","Não","Espírita","Filmes na internet;TV;Viagens","Indicação de familiar/amigo","Este curso forma profissionais facilmente absorvidos pelo mercado","Obter competências para exercício de uma profissão","Conquistar vaga em empresa privada","Não","Sim, no SENAC","Moto (própria)","Minha expectativa é absorver o máximo de conhecimento e ingressar no mercado de trabalho."
"2022/09/05 9:09:07 PM GMT-3","ADS","Noturno","2213034","São Paulo (SP)","Pedregulho","Mulher cis","Bissexual","10","Junho","1994","Casado(a) ou União Estável","Nenhuma","Nenhum","Com esposa(o) e(ou) filho(s)","2 pessoas","Alugado","2 a 3 anos","Gato","Nenhum","Mais que 2 até 5 SM (R$ 2.424 - R$6.060 )","1","0","1","1","1","0","3","0","1","Sim","Não","Sim","Sim","Sim","Sou registrado em empresa pública (federal/estadual/municipal)","Trabalho fora da área do curso","Manhã e noite","Prefeitura Municipal de Pedregulho","Tenho e é pago parcialmente pela empresa","Ensino Superior","Ensino Superior","A maior parte em escola pública","Às vezes (2 ou 3 vezes por semana)","","","","","","","","","","","Intermediário","Intermediário","Pouco","Intermediário","Intermediário","Intermediário","Nenhum","Intermediário","Básico","Não fala","Pouco","Sempre","Pouco","Nunca","Nunca","Às vezes","Sempre","Algumas vezes por semana","Notícias nacionais","De 3 até 6","Romance;Ficção","Sim","Espírita","Cinema;Exposições de arte;Filmes na internet;Literatura;Museus;Música;TV;Viagens;Games","Por outdoor","Minha intenção é seguir esta carreira","Obter novos conhecimentos;Obter competências para exercício de uma profissão;Conhecer novas pessoas","Conquistar vaga em empresa privada","Não","Não fiz","Ônibus",""
"2022/09/05 9:09:36 PM GMT-3","ADS","Noturno","2213011","São Paulo (SP)","FRANCA","Homem cis","Heterossexual","29","Março","2004","Solteiro(a)","Nenhuma","Nenhum","Com pais e(ou) parentes","5 ou mais pessoas","Próprio","Mais de 5 anos","Nenhum","Nenhum","Até 2 SM (R$ 2.424)","2","1","0","2","2","0","2","0","1","Não","Sim","Não","Não","Sim","Sou registrado em empresa prestadora de serviços","Trabalho fora da área do curso","Manhã e tarde","Casa inteligente ","Não tenho, uso o SUS","Ensino Médio","Ensino Superior","Sempre em escola pública","Sempre (5 vezes por semana ou mais)","","","","","","","","","","","Intermediário","Intermediário","Pouco","Intermediário","Intermediário","Pouco","Intermediário","Básico","Não fala","Não fala","Nunca","Às vezes","Nunca","Nunca","Nunca","Nunca","Às vezes","Não leio","Não leio jormal","Até 2","Romance;Ficção","Não","Nenhuma","Cinema;Filmes na internet;Literatura;Música;TV;Games","Propaganda na escola que estudava","Este curso forma profissionais facilmente absorvidos pelo mercado","Conhecer novas pessoas","Conquistar vaga em empresa privada","Não","Não fiz","Carro (próprio)","Quero ser rico "
"2022/09/05 9:13:06 PM GMT-3","ADS","Matutino","2213020","São Paulo (SP)","FRANCA","Mulher cis","Heterossexual","14","Maio","2004","Solteiro(a)","Nenhuma","Nenhum","Com pais e(ou) parentes","4 pessoas","Financiado","Mais de 5 anos","Nenhum","Nenhum","Até 2 SM (R$ 2.424)","1","1","0","1","1","2","4+","1","1","Sim","Sim","Sim","Não","Sim","Sou estagiário","Trabalho fora da área do curso","Manhã e tarde","Rizatti - Ambev","Não tenho, uso o SUS","Ensino Médio","Ensino Superior","Sempre em escola pública","Pouco (1 ou 2 vezes por semana)","","","","","","","","","","","Muito","Avançado","Nenhum","Avançado","Intermediário","Avançado","Nenhum","Intermediário","Básico","Básico","Nunca","Sempre","Nunca","Nunca","Nunca","Pouco","Pouco","Não leio","Não leio jormal","De 7 a 10","Romance;Ficção;Policial;Aventura","Não","Nenhuma","Filmes na internet;Literatura;TV;Games","Propaganda na escola que estudava","Minha intenção é seguir esta carreira","Obter novos conhecimentos;Obter competências para exercício de uma profissão;Obter um diploma de nível superior","Conquistar vaga em empresa privada;Ingressar na carreira acadêmica","Não","Sim, em uma ETEC","Caminhando","Eu quero trabalhar e ganhar um salário decente para não precisar pegar ônibus."
"2022/09/05 9:13:27 PM GMT-3","ADS","Noturno","2213042","Distrito Federal (DF)","FRANCA","Mulher cis","Heterossexual","10","Maio","2004","Solteiro(a)","Nenhuma","Nenhum","Com pais e(ou) parentes","4 pessoas","Próprio","Menos de 1 ano","Gato","Nenhum","Mais que 2 até 5 SM (R$ 2.424 - R$6.060 )","1","1","1","1","1","0","4+","1","1","Sim","Sim","Sim","Não","Sim","Sou registrado no comércio","Trabalho fora da área do curso","Manhã e tarde","Magazine Luiza ","Tenho e é pago parcialmente pela empresa","Ensino fundamental I (1º ao 5º anos)","Ensino fundamental I (1º ao 5º anos)","Sempre em escola pública","Sempre (5 vezes por semana ou mais)","","","","","","","","","","","Intermediário","Intermediário","Pouco","Intermediário","Intermediário","Intermediário","Pouco","Intermediário","Básico","Não fala","Às vezes","Sempre","Nunca","Nunca","Pouco","Às vezes","Às vezes","Não leio","Não leio jormal","De 7 a 10","Romance;Ficção;Policial;Aventura","Não","Prefiro não responder","Cinema;Filmes na internet;Literatura;Música;Teatro;TV;Viagens","Propaganda na escola que estudava","Minha intenção é seguir esta carreira","Obter competências para exercício de uma profissão","Melhorar cargo e salário na empresa que trabalho","Sim","Não fiz","Ônibus","Nasci em Brasília, me mudei para Franca com 11 anos de idade. Meu sonho de vida é ser bem sucedida na carreira e ter uma vida estável."
"2022/09/05 9:44:36 PM GMT-3","ADS","Noturno","2213036","São Paulo (SP)","FRANCA","Mulher cis","Heterossexual","23","Março","1995","Solteiro(a)","Nenhuma","Nenhum","Com pais e(ou) parentes","3 pessoas","Próprio","Menos de 1 ano","Cachorro","Artes Maciais;Skate/Patins","Mais que 5 até 10 SM (R$ 6.060 - R$ 12.120)","3","1","0","1","1","0","3","1","2","Sim","Sim","Sim","Não","Sim","Entidade sem fins lucrativos","Trabalho fora da área do curso","Manhã e tarde","ACIF - Associação do Comércio e Indústria de Franca","Tenho e é pago parcialmente pela empresa","Ensino Superior","Ensino Médio","Sempre em escola pública","Sempre (5 vezes por semana ou mais)","","","","","","","","","","","Intermediário","Intermediário","Pouco","Avançado","Avançado","Avançado","Intermediário","Intermediário","Intermediário","Fluente","Pouco","Sempre","Nunca","Nunca","Nunca","Pouco","Às vezes","Diariamente","Todos os assuntos","Mais de 10","Ficção;Policial;Aventura","Sim","Espírita","Cinema;Literatura;Música;TV;Games","Indicação de familiar/amigo","Minha intenção é seguir esta carreira","Obter novos conhecimentos;Obter competências para exercício de uma profissão","Prestar concurso público;Abrir meu próprio negócio","Sim","Não fiz","Carro (próprio)","Desejo ingressar na area como desenvolvedor full stack e, no futuro, ter minha própria empresa prestando serviço para fora do País."
"2022/09/05 9:52:24 PM GMT-3","ADS","Matutino","2211010","São Paulo (SP)","FRANCA","Homem cis","Heterossexual","5","Julho","1997","Solteiro(a)","Nenhuma","Nenhum","Com pais e(ou) parentes","3 pessoas","Próprio","Mais de 5 anos","Gato","Academia","Mais que 2 até 5 SM (R$ 2.424 - R$6.060 )","1","1","0","1","1","0","1","1","0","Sim","Sim","Sim","Não","Não","","","","","Não tenho, uso o SUS","Ensino Médio","Ensino fundamental II (6º ao 9º anos)","Sempre em escola pública","Sempre (5 vezes por semana ou mais)","","","","","","","","","","","Muito","Avançado","Nenhum","Intermediário","Intermediário","Intermediário","Pouco","Fluente","Básico","Não fala","Às vezes","Sempre","Nunca","Nunca","Pouco","Pouco","Sempre","Raramente","Notícias nacionais","Nenhum","Não leio","Não","Espírita","Cinema;Filmes na internet;TV;Games","Indicação de familiar/amigo","Este curso forma profissionais facilmente absorvidos pelo mercado","Obter competências para exercício de uma profissão","Conquistar vaga em empresa privada","Não","Sim, no SENAI","Carona","Vivo a vida toda em franca, gosto de jogos e animes, e no momento procuro um emprego"
"2022/09/06 12:39:42 AM GMT-3","ADS","Noturno","2213048","São Paulo (SP)","FRANCA","Homem cis","Heterossexual","13","Novembro","1988","Casado(a) ou União Estável","Nenhuma","Dois","Com esposa(o) e(ou) filho(s)","4 pessoas","Financiado","Mais de 5 anos","Cachorro","Nenhum","Mais que 5 até 10 SM (R$ 6.060 - R$ 12.120)","1","3","2","1","1","0","3","0","2","Sim","Sim","Não","Não","Sim","Sou registrado em indústria (calçados/confecções/outras)","Trabalho fora da área do curso","Manhã e tarde","Grupo Amazonas Quimicam","Não tenho, uso o SUS","Ensino Médio","Ensino Médio","Sempre em escola pública","Muito (3 ou 4 vezes por semana)","","","","","","","","","","","Intermediário","Pouco","Nenhum","Intermediário","Intermediário","Pouco","Nenhum","Não fala","Não fala","Não fala","Pouco","Sempre","Nunca","Nunca","Pouco","Às vezes","Pouco","Não leio","Não leio jormal","Nenhum","Não leio","Sim","Evangélica","Nenhuma","Indicação de familiar/amigo","Conhecimento Profissional","Obter novos conhecimentos","Melhorar cargo e salário na empresa que trabalho","Não","Sim, em uma ETEC","Moto (própria)","Procurar sempre apreender em todas as áreas da vida "
"2022/09/06 12:45:30 AM GMT-3","ADS","Noturno","2213035","São Paulo (SP)","FRANCA","Homem cis","Homossexual","12","Setembro","1991","Solteiro(a)","Nenhuma","Nenhum","Sozinho","Somente eu","Alugado","Menos de 1 ano","Nenhum","Nenhum","Mais que 2 até 5 SM (R$ 2.424 - R$6.060 )","1","0","0","0","1","0","1","0","1","Não","Sim","Não","Não","Sim","Sou registrado em empresa prestadora de serviços","Trabalho na área do curso","Manhã e tarde","Luizalabs","Tenho e é pago parcialmente pela empresa","Ensino fundamental I (1º ao 5º anos)","Nenhuma escolaridade","Sempre em escola pública","Sempre (5 vezes por semana ou mais)","","","","","","","","","","","Muito","Intermediário","Nenhum","Avançado","Avançado","Avançado","Intermediário","Intermediário","Não fala","Não fala","Pouco","Sempre","Nunca","Nunca","Pouco","Às vezes","Às vezes","Algumas vezes por semana","Notícias nacionais","Até 2","Aventura","Sim","Evangélica","Cinema;Filmes na internet;Música;TV","Indicação de familiar/amigo","Minha intenção é seguir esta carreira","Obter novos conhecimentos;Obter competências para exercício de uma profissão","Conquistar vaga em empresa privada;Melhorar cargo e salário na empresa que trabalho;Ingressar na carreira acadêmica","Não","Sim, em uma ETEC","Carro por aplicativo (Uber, 99, etc.)","Prefiro não compartilhar minha história de vida! Meus sonhos são: Ter uma casa própria, conhecer no mínimo 5 países e escrever/ilustrar um livro."
"2022/09/06 6:56:36 AM GMT-3","ADS","Noturno","2213012","São Paulo (SP)","FRANCA","Homem cis","Heterossexual","2","Dezembro","1990","Casado(a) ou União Estável","Nenhuma","Nenhum","Com esposa(o) e(ou) filho(s)","5 ou mais pessoas","Próprio","3 a 4 anos","Cachorro","Nenhum","Até 2 SM (R$ 2.424)","4+","1","1","2","1","0","4+","0","2","Não","Sim","Não","Não","Sim","Sou registrado em indústria (calçados/confecções/outras)","Trabalho fora da área do curso","Manhã e tarde","Cotton shoes ","Não tenho, uso o SUS","Ensino fundamental I (1º ao 5º anos)","Ensino Médio","Sempre em escola pública","Sempre (5 vezes por semana ou mais)","","","","","","","","","","","Intermediário","Intermediário","Nenhum","Intermediário","Intermediário","Pouco","Intermediário","Básico","Não fala","Não fala","Pouco","Sempre","Nunca","Às vezes","Pouco","Às vezes","Às vezes","Diariamente","Notícias locais","Nenhum","Não leio","Não","Evangélica","Viagens","Indicação de familiar/amigo","Minha intenção é seguir esta carreira","Obter competências para exercício de uma profissão","Conquistar vaga em empresa privada","Não","Sim, em uma ETEC","Moto (própria)","Casado sem filhos busco sempre motivações pessoais e profissionais sou focado no que faço e busco sempre encarar novos desafios gosto de viajar e estar em contato com a natureza."
"2022/09/06 8:06:15 AM GMT-3","ADS","Noturno","2213030","São Paulo (SP)","FRANCA","Homem cis","Heterossexual","14","Julho","1998","Solteiro(a)","Nenhuma","Nenhum","Com pais e(ou) parentes","3 pessoas","Próprio","Mais de 5 anos","Cachorro","Futebol/Futsal;Basquete;Corrida/Caminhada;Tênis/Tênis de mesa","Mais que 10 até 20 SM (R$ 12.120- R$ 24.240)","2","3","2","1","1","2","4+","1","2","Sim","Sim","Não","Não","Sim","Sou registrado em indústria (calçados/confecções/outras)","Trabalho fora da área do curso","Manhã e tarde","Fors","Não tenho, uso o SUS","Ensino fundamental II (6º ao 9º anos)","Ensino Médio","Sempre em escola pública","Sempre (5 vezes por semana ou mais)","","","","","","","","","","","Intermediário","Intermediário","Intermediário","Intermediário","Intermediário","Intermediário","Pouco","Básico","Intermediário","Não fala","Pouco","Sempre","Pouco","Pouco","Pouco","Sempre","Às vezes","Algumas vezes por semana","Esporte","Até 2","Ficção","Não","Católica","Cinema;Filmes na internet;Música;Games","Indicação de familiar/amigo","Minha intenção é seguir esta carreira","Obter novos conhecimentos;Obter competências para exercício de uma profissão;Conhecer novas pessoas;Melhorar-me como pessoa para bons relacionamentos futuros;Obter um diploma de nível superior","Conquistar vaga em empresa privada","Não","Sim, em uma ETEC","Carro (próprio)","Sou uma pessoa muito batalhadora, esforçada, que sempre buscou se destacar em tudo que faz. Estudei sempre em escola publica, fiz senai e sai como o melhor aluno da instituição de franca, fiz ETEC. Trabalho a 10 anos na area de manutenção."
"2022/09/06 8:43:59 AM GMT-3","ADS","Noturno","2213016","São Paulo (SP)","FRANCA","Mulher cis","Homossexual","20","Maio","2004","Solteiro(a)","Nenhuma","Nenhum","Com pais e(ou) parentes","4 pessoas","Próprio","Mais de 5 anos","Cachorro","Nenhum","Mais que 2 até 5 SM (R$ 2.424 - R$6.060 )","2","3","0","1","1","0","4+","0","1","Não","Sim","Não","Não","Não","","","","","Tenho e é um plano familiar","Ensino fundamental I (1º ao 5º anos)","Ensino Superior","Sempre em escola pública","Sempre (5 vezes por semana ou mais)","","","","","","","","","","","Muito","Intermediário","Nenhum","Intermediário","Intermediário","Intermediário","Nenhum","Básico","Não fala","Básico","Nunca","Sempre","Nunca","Nunca","Nunca","Às vezes","Às vezes","Diariamente","Todos os assuntos","De 3 até 6","Romance;Ficção;Terror","Não","Nenhuma","Cinema;Filmes na internet;Literatura;Música;TV;Viagens","Propaganda na escola que estudava","Gostei da matriz currículo ","Obter novos conhecimentos;Obter competências para exercício de uma profissão;Obter um diploma de nível superior","Prestar concurso público","Não","Sim, em uma ETEC","Carro (próprio)","Pretendo seguir meus planos traçados ao longo do caminho "
"2022/09/06 9:34:59 AM GMT-3","ADS","Noturno","2213017","São Paulo (SP)","Pedregulho","Homem cis","Homossexual","15","Setembro","2004","Solteiro(a)","Visual","Nenhum","Com pais e(ou) parentes","4 pessoas","Alugado","4 a 5 anos","Cachorro","Nenhum","Mais que 2 até 5 SM (R$ 2.424 - R$6.060 )","1","0","1","1","1","0","4+","0","1","Não","Sim","Não","Não","Não","","","","","Não tenho, uso o SUS","Ensino fundamental I (1º ao 5º anos)","Ensino fundamental II (6º ao 9º anos)","Sempre em escola pública","Sempre (5 vezes por semana ou mais)","","","","","","","","","","","Intermediário","Avançado","Pouco","Intermediário","Intermediário","Intermediário","Intermediário","Intermediário","Básico","Não fala","Nunca","Sempre","Nunca","Nunca","Nunca","Às vezes","Às vezes","Diariamente","Política","De 3 até 6","Ficção","Sim","Protestante","Cinema;Filmes na internet;Literatura;Música;Teatro","Indicação de familiar/amigo","Este curso forma profissionais que são bem remunerados","Obter competências para exercício de uma profissão","Abrir meu próprio negócio","Não","Sim, no SENAC","Ônibus","Apaixonado por diversas área desde criança. Planejo criar uma empresa no ramo, e depois buscar conhecimentos em novas profissões."
"2022/09/06 10:23:22 AM GMT-3","ADS","Matutino","2011035","São Paulo (SP)","FRANCA","Homem cis","Heterossexual","23","Agosto","1998","Solteiro(a)","Nenhuma","Nenhum","Com pais e(ou) parentes","3 pessoas","Próprio","Mais de 5 anos","Nenhum","Futebol/Futsal;Corrida/Caminhada;Artes Maciais;Academia","Mais que 2 até 5 SM (R$ 2.424 - R$6.060 )","3","1","0","1","1","0","4+","2","2","Sim","Sim","Não","Não","Não","","","","","Não tenho, uso o SUS","Ensino Superior","Ensino Médio","A maior parte em escola pública","Sempre (5 vezes por semana ou mais)","","","","","","","","","","","Avançado","Avançado","Pouco","Intermediário","Intermediário","Pouco","Pouco","Intermediário","Básico","Básico","Pouco","Sempre","Nunca","Nunca","Nunca","Sempre","Às vezes","Não leio","Não leio jormal","Nenhum","Não leio","Não","Nenhuma","Cinema;Filmes na internet;Música;TV;Viagens;Games","Indicação de familiar/amigo","Minha intenção é seguir esta carreira","Obter novos conhecimentos;Obter competências para exercício de uma profissão;Conhecer novas pessoas;Melhorar-me como pessoa para bons relacionamentos futuros;Obter um diploma de nível superior","Conquistar vaga em empresa privada;Prestar concurso público;Melhorar cargo e salário na empresa que trabalho;Abrir meu próprio negócio;Ingressar na carreira acadêmica","Não","Sim, em uma ETEC","Carro por aplicativo (Uber, 99, etc.)","Terminar a faculdade, conseguir um emprego na área e sair do país "
"2022/09/06 10:25:05 AM GMT-3","ADS","Noturno","2213008","São Paulo (SP)","FRANCA","Homem cis","Homossexual","20","Janeiro","2004","Solteiro(a)","Nenhuma","Nenhum","Com pais e(ou) parentes","5 ou mais pessoas","Próprio","4 a 5 anos","Cachorro","Corrida/Caminhada","Até 2 SM (R$ 2.424)","1","1","0","1","1","0","4+","0","1","Não","Sim","Não","Não","Não","","","","","Não tenho, uso o SUS","Ensino fundamental II (6º ao 9º anos)","Ensino Médio","Sempre em escola pública","Às vezes (2 ou 3 vezes por semana)","","","","","","","","","","","Intermediário","Intermediário","Nenhum","Intermediário","Intermediário","Intermediário","Nenhum","Básico","Não fala","Não fala","Pouco","Às vezes","Nunca","Nunca","Nunca","Às vezes","Sempre","Não leio","Não leio jormal","Nenhum","Não leio","Não","Nenhuma","Filmes na internet;Música;Games","Indicação de familiar/amigo","Minha intenção é seguir esta carreira","Obter novos conhecimentos;Obter competências para exercício de uma profissão;Conhecer novas pessoas;Melhorar-me como pessoa para bons relacionamentos futuros;Obter um diploma de nível superior","Aplicar os conhecimentos adquiridos ","Não","Sim, em uma ETEC","Caminhando","Me chamo Júlio, eu sempre estudei sobre tecnologia, pois gosto muito e também adoro aprender em geral."
"2022/09/06 10:26:19 AM GMT-3","ADS","Noturno","2213026","São Paulo (SP)","FRANCA","Homem cis","Heterossexual","22","Fevereiro","2004","Solteiro(a)","Nenhuma","Nenhum","Com pais e(ou) parentes","5 ou mais pessoas","Próprio","Mais de 5 anos","Nenhum","Corrida/Caminhada","Até 2 SM (R$ 2.424)","2","1","1","1","1","0","4+","0","2","Sim","Sim","Sim","Sim","Sim","Sou registrado em empresa pública (federal/estadual/municipal)","Trabalho fora da área do curso","Manhã e tarde","IBGE","Não tenho, uso o SUS","Ensino fundamental II (6º ao 9º anos)","Ensino Médio","Sempre em escola pública","Sempre (5 vezes por semana ou mais)","","","","","","","","","","","Intermediário","Intermediário","Nenhum","Intermediário","Pouco","Intermediário","Pouco","Intermediário","Intermediário","Não fala","Às vezes","Sempre","Pouco","Nunca","Nunca","Sempre","Sempre","Não leio","Não leio jormal","Até 2","Ficção;Biográfico;Aventura","Não","Católica","Cinema;Filmes na internet;Literatura;Música;TV;Games","Propaganda na escola que estudava","Este curso forma profissionais facilmente absorvidos pelo mercado","Obter novos conhecimentos;Obter competências para exercício de uma profissão;Obter um diploma de nível superior","Conquistar vaga em empresa privada;Prestar concurso público","Não","Sim, em uma ETEC","Carro (próprio)",""
"2022/09/06 10:27:58 AM GMT-3","ADS","Matutino","2211022","São Paulo (SP)","FRANCA","Homem cis","Heterossexual","16","Janeiro","2004","Solteiro(a)","Nenhuma","Nenhum","Com pais e(ou) parentes","4 pessoas","Próprio","1 a 2 anos","Cachorro","Nenhum","Mais que 2 até 5 SM (R$ 2.424 - R$6.060 )","1","1","0","1","1","0","4+","1","2","Sim","Sim","Não","Não","Sim","Trabalho Informal ( não registrado)","Trabalho fora da área do curso","Tarde","Imperial Agropet","Tenho e é um plano familiar","Ensino Superior","Ensino Superior","A maior parte em escola particular paga pela família","Sempre (5 vezes por semana ou mais)","","","","","","","","","","","Intermediário","Intermediário","Nenhum","Intermediário","Intermediário","Intermediário","Pouco","Básico","Não fala","Não fala","Às vezes","Sempre","Nunca","Pouco","Pouco","Sempre","Sempre","Raramente","Notícias nacionais","Até 2","Autoajuda","Não","Nenhuma","Cinema;Filmes na internet;Música;TV;Viagens;Games","Propaganda na escola que estudava","É um curso bem conceituado na região","Obter competências para exercício de uma profissão","Conquistar vaga em empresa privada;Prestar concurso público","Não","Sim, no SENAI","Carro (próprio)",""
"2022/09/06 11:14:43 AM GMT-3","ADS","Matutino","2211006","São Paulo (SP)","FRANCA","Homem cis","Heterossexual","7","Abril","2004","Solteiro(a)","Nenhuma","Nenhum","Com pais e(ou) parentes","3 pessoas","Próprio","Mais de 5 anos","Cachorro","Nenhum","Prefiro não responder","2","2","0","1","1","3","0","0","2","Não","Sim","Não","Não","Não","","","","","Não tenho, uso o SUS","Ensino fundamental II (6º ao 9º anos)","Ensino Médio","Sempre em escola pública","Sempre (5 vezes por semana ou mais)","","","","","","","","","","","Intermediário","Intermediário","Pouco","Intermediário","Intermediário","Intermediário","Pouco","Básico","Não fala","Não fala","Pouco","Sempre","Nunca","Nunca","Nunca","Pouco","Às vezes","Não leio","Não leio jormal","Até 2","Ficção","Não","Nenhuma","Cinema;Filmes na internet;Música;TV;Viagens;Games","Indicação de familiar/amigo","Minha intenção é seguir esta carreira","Obter novos conhecimentos","Conquistar vaga em empresa privada","Não","Não fiz","Carro (próprio)","Eu cresci vendo meus irmãos trabalhando na área da tecnologia e isso me despertou interesse. Um sonho seria mudar de país"
"2022/09/06 11:16:21 AM GMT-3","ADS","Matutino","2211016","Minas Gerais (MG)","FRANCA","Homem cis","Heterossexual","11","Junho","1994","Solteiro(a)","Nenhuma","Nenhum","Com pais e(ou) parentes","2 pessoas","Financiado","Menos de 1 ano","Cachorro","Nenhum","Mais que 2 até 5 SM (R$ 2.424 - R$6.060 )","3","1","0","2","1","0","2","0","1","Sim","Sim","Não","Não","Sim","Sou registrado em empresa pública (federal/estadual/municipal)","Trabalho fora da área do curso","Noite","Secretaria de Educação do Estado de São Paulo ","Não tenho, uso o SUS","Ensino fundamental I (1º ao 5º anos)","Ensino fundamental I (1º ao 5º anos)","Sempre em escola pública","Sempre (5 vezes por semana ou mais)","","","","","","","","","","","Muito","Intermediário","Pouco","Intermediário","Intermediário","Pouco","Nenhum","Básico","Básico","Não fala","Pouco","Sempre","Nunca","Nunca","Pouco","Pouco","Às vezes","Algumas vezes por semana","Esporte","De 7 a 10","Ficção;Policial;Aventura;FANTASIA","Sim","Católica","Cinema;Filmes na internet;Música;Viagens;Games","Indicação de familiar/amigo","Minha intenção é seguir esta carreira","Obter novos conhecimentos","Conquistar vaga em empresa privada;Abrir meu próprio negócio","Não","Não fiz","Carro (próprio)","O mundo está evoluindo e aqueles que não obterem conhecimentos ficará sem trabalho. Porque trabalhos braçais qualquer um faz, mas conhecimento aprofundado poucos o tem. "
"2022/09/06 4:28:21 PM GMT-3","ADS","Matutino","2211020","São Paulo (SP)","FRANCA","Homem cis","Heterossexual","6","Novembro","2003","Solteiro(a)","Nenhuma","Nenhum","Com pais e(ou) parentes","3 pessoas","Financiado","Mais de 5 anos","Cachorro","Futebol/Futsal;Basquete;Vôlei;Skate/Patins","Mais que 2 até 5 SM (R$ 2.424 - R$6.060 )","2","1","1","2","2","2","3","0","0","Não","Sim","Sim","Não","Sim","Sou registrado no comércio","Trabalho fora da área do curso","Tarde e noite","Supermercado Fernando","Não tenho, uso o SUS","Ensino Médio","Ensino Médio","Sempre em escola pública","Sempre (5 vezes por semana ou mais)","","","","","","","","","","","Intermediário","Intermediário","Pouco","Pouco","Pouco","Intermediário","Nenhum","Básico","Não fala","Não fala","Pouco","Sempre","Pouco","Nunca","Nunca","Pouco","Pouco","Raramente","Esporte","De 3 até 6","Misterio ","Não","Evangélica","Cinema;Filmes na internet;Música;Viagens;Games","Indicação de familiar/amigo","Minha intenção é seguir esta carreira","Obter competências para exercício de uma profissão","Conquistar vaga em empresa privada","Não","Não fiz","Moto (própria)",""
"2022/09/06 8:59:21 PM GMT-3","ADS","Matutino","2211018","São Paulo (SP)","FRANCA","Mulher cis","Heterossexual","23","Março","2004","Solteiro(a)","Nenhuma","Nenhum","Com pais e(ou) parentes","4 pessoas","Próprio","Menos de 1 ano","Cachorro","Nenhum","Mais que 2 até 5 SM (R$ 2.424 - R$6.060 )","2","1","1","1","1","0","3","1","2","Não","Sim","Sim","Não","Não","","","","","Tenho e é um plano familiar","Ensino Médio","Ensino Superior","Sempre em escola pública","Muito (3 ou 4 vezes por semana)","","","","","","","","","","","Intermediário","Pouco","Pouco","Intermediário","Intermediário","Intermediário","Nenhum","Intermediário","Fluente","Não fala","Pouco","Sempre","Nunca","Nunca","Sempre","Sempre","Às vezes","Raramente","Todos os assuntos","Mais de 10","Romance;Ficção;Aventura","Não","Católica","Cinema;Filmes na internet;Literatura;Música;Teatro","Indicação de familiar/amigo","Minha intenção é seguir esta carreira","Obter novos conhecimentos;Obter competências para exercício de uma profissão","Conquistar vaga em empresa privada","Não","Não fiz","Ônibus","Espero ter uma boa casa ,ter um trabalho estável e que eu goste"
"2022/09/06 9:01:18 PM GMT-3","ADS","Matutino","1122039","São Paulo (SP)","FRANCA","Homem cis","Heterossexual","22","Outubro","2003","Solteiro(a)","Nenhuma","Nenhum","Com pais e(ou) parentes","4 pessoas","Próprio","Mais de 5 anos","Gato","Basquete","Mais que 5 até 10 SM (R$ 6.060 - R$ 12.120)","2","1","0","1","1","0","3","0","2","Não","Sim","Sim","Não","Não","","","","","Tenho e é um plano familiar","Ensino fundamental II (6º ao 9º anos)","Pós-graduação","Sempre em escola particular com bolsa","Sempre (5 vezes por semana ou mais)","","","","","","","","","","","Muito","Intermediário","Nenhum","Pouco","Intermediário","Pouco","Pouco","Intermediário","Não fala","Básico","Pouco","Sempre","Pouco","Nunca","Pouco","Sempre","Sempre","Não leio","Não leio jormal","De 3 até 6","Ficção","Não","Nenhuma","Cinema;Filmes na internet;Literatura;Música;TV;Viagens;Games","Cartaz de divulgação","Este curso forma profissionais facilmente absorvidos pelo mercado","Obter competências para exercício de uma profissão","Conquistar vaga em empresa privada","Não","Sim, em uma ETEC","Ônibus","quero conquistar conhecimento para ser um profissional renomado da area"
"2022/09/07 10:57:06 AM GMT-3","ADS","Matutino","2211041","São Paulo (SP)","FRANCA","Homem cis","Heterossexual","5","Setembro","2003","Solteiro(a)","Nenhuma","Nenhum","Com pais e(ou) parentes","5 ou mais pessoas","Próprio","Mais de 5 anos","Cachorro","Futebol/Futsal;Basquete;Corrida/Caminhada;Ciclismo","Mais que 2 até 5 SM (R$ 2.424 - R$6.060 )","1","2","0","2","1","4+","2","0","3","Não","Sim","Sim","Não","Não","","","","","Não tenho, uso o SUS","Ensino Médio","Ensino Superior","Sempre em escola pública","Muito (3 ou 4 vezes por semana)","","","","","","","","","","","Intermediário","Pouco","Pouco","Intermediário","Intermediário","Pouco","Pouco","Básico","Não fala","Não fala","Pouco","Sempre","Nunca","Nunca","Nunca","Sempre","Às vezes","Raramente","Não leio jormal","Até 2","Ficção;Biográfico","Não","Católica","Filmes na internet;Música;TV","Indicação de familiar/amigo","Este curso forma profissionais facilmente absorvidos pelo mercado","Obter novos conhecimentos","Prestar concurso público","Não","Sim, em uma ETEC","Bicicleta","Prefiro não comentar"
"2022/09/07 11:02:23 AM GMT-3","ADS","Matutino","2211043","São Paulo (SP)","FRANCA","Homem cis","Heterossexual","7","Novembro","1987","Solteiro(a)","Nenhuma","Nenhum","Com esposa(o) e(ou) filho(s)","2 pessoas","Cedido","Mais de 5 anos","Outro","Nenhum","Até 2 SM (R$ 2.424)","1","1","0","1","1","0","2","0","1","Não","Sim","Não","Não","Sim","Sou registrado no comércio","Trabalho fora da área do curso","Tarde e noite","Magalu","Não tenho, uso o SUS","Ensino fundamental I (1º ao 5º anos)","Ensino fundamental I (1º ao 5º anos)","Sempre em escola pública","Sempre (5 vezes por semana ou mais)","","","","","","","","","","","Avançado","Avançado","Nenhum","Intermediário","Intermediário","Intermediário","Nenhum","Básico","Não fala","Não fala","Pouco","Sempre","Nunca","Nunca","Às vezes","Sempre","Sempre","Diariamente","Todos os assuntos","Nenhum","Não leio","Não","Nenhuma","Cinema;Filmes na internet;Música;Teatro;TV;Games","Indicação de familiar/amigo","Minha intenção é seguir esta carreira","Obter novos conhecimentos;Obter competências para exercício de uma profissão","Conquistar vaga em empresa privada;Melhorar cargo e salário na empresa que trabalho;Abrir meu próprio negócio","Não","Não fiz","Carro (próprio)","Somente teste"
"2022/09/07 11:07:54 AM GMT-3","ADS","Matutino","2211023","São Paulo (SP)","FRANCA","Mulher cis","Heterossexual","12","Maio","1992","Solteiro(a)","Nenhuma","Um","Com pais e(ou) parentes","3 pessoas","Alugado","2 a 3 anos","Nenhum","Academia;Ciclismo","Até 2 SM (R$ 2.424)","1","1","0","1","1","1","1","0","1","Sim","Sim","Não","Não","Não","","","","","Não tenho, uso o SUS","Ensino fundamental I (1º ao 5º anos)","Ensino Médio","Sempre em escola pública","Às vezes (2 ou 3 vezes por semana)","","","","","","","","","","","Intermediário","Intermediário","Nenhum","Intermediário","Intermediário","Intermediário","Pouco","Básico","Básico","Não fala","Às vezes","Sempre","Nunca","Nunca","Nunca","Às vezes","Pouco","Raramente","Notícias locais","Até 2","Autoajuda","Não","Prefiro não responder","Música;Teatro","Indicação de familiar/amigo","É um curso bem conceituado na região","Obter competências para exercício de uma profissão","Conquistar vaga em empresa privada","Não","Sim, em uma ETEC","Bicicleta","Meu sonho é ter um emprego bom para dar estabilidade pra minha família."
"2022/09/07 11:15:31 AM GMT-3","ADS","Matutino","1090482","São Paulo (SP)","FRANCA","Homem cis","Heterossexual","7","Setembro","2003","Solteiro(a)","Nenhuma","Nenhum","Com pais e(ou) parentes","2 pessoas","Próprio","2 a 3 anos","Gato","Basquete;Vôlei;Academia;Skate/Patins;Outro(s)","Mais que 2 até 5 SM (R$ 2.424 - R$6.060 )","3","2","0","1","1","2","0","0","2","Não","Sim","Não","Não","Não","","","","","Tenho e é um plano individual","Prefiro não responder","Ensino Superior","Sempre em escola pública","Sempre (5 vezes por semana ou mais)","","","","","","","","","","","Intermediário","Intermediário","Nenhum","Intermediário","Intermediário","Intermediário","Intermediário","Intermediário","Fluente","Básico","Nunca","Sempre","Nunca","Nunca","Nunca","Às vezes","Sempre","Não leio","Não leio jormal","De 7 a 10","Ficção;Aventura;Autoajuda","Sim","Católica","Cinema;Exposições de arte;Filmes na internet;Literatura;Museus;Música;Teatro;Viagens;Games","Propaganda na escola que estudava","Este curso forma profissionais facilmente absorvidos pelo mercado","Obter novos conhecimentos;Obter competências para exercício de uma profissão;Obter um diploma de nível superior","Conquistar vaga em empresa privada","Não","Sim, no SENAI","Bicicleta","."
"2022/09/07 11:15:38 AM GMT-3","ADS","Matutino","2211037","São Paulo (SP)","FRANCA","Homem cis","Heterossexual","5","Maio","2004","Solteiro(a)","Nenhuma","Nenhum","Com pais e(ou) parentes","4 pessoas","Alugado","3 a 4 anos","Cachorro","Futebol/Futsal;Basquete;Corrida/Caminhada;Vôlei;Handball;Natação;Academia;Ciclismo;Outro(s)","Mais que 2 até 5 SM (R$ 2.424 - R$6.060 )","2","1","0","2","1","0","4+","0","4+","Não","Sim","Sim","Não","Não","","","","","Tenho e é pago parcialmente pela empresa","Ensino Médio","Ensino Superior","A maior parte em escola pública","Muito (3 ou 4 vezes por semana)","","","","","","","","","","","Muito","Intermediário","Intermediário","Intermediário","Intermediário","Intermediário","Nenhum","Básico","Básico","Não fala","Pouco","Sempre","Nunca","Nunca","Pouco","Sempre","Sempre","Não leio","Não leio jormal","Até 2","Ficção","Não","Nenhuma","Cinema;Filmes na internet;Música;TV;Viagens;Games","Propaganda na escola que estudava","Minha intenção é seguir esta carreira","Obter novos conhecimentos;Obter competências para exercício de uma profissão;Conhecer novas pessoas;Melhorar-me como pessoa para bons relacionamentos futuros;Obter um diploma de nível superior","Conquistar vaga em empresa privada","Não","Sim, no SENAC","Carro (próprio)","Pimba"
"2022/09/07 11:16:13 AM GMT-3","ADS","Matutino","2211051","São Paulo (SP)","FRANCA","Mulher cis","Heterossexual","2","Março","2003","Solteiro(a)","Nenhuma","Nenhum","Com pais e(ou) parentes","4 pessoas","Próprio","Mais de 5 anos","Cachorro","Futebol/Futsal","Mais que 2 até 5 SM (R$ 2.424 - R$6.060 )","1","1","0","2","2","0","4+","0","1","Não","Sim","Sim","Não","Sim","Sou registrado no comércio","Trabalho fora da área do curso","Tarde e noite","Açai na Tigela ","Não tenho, uso o SUS","Ensino Médio","Ensino fundamental I (1º ao 5º anos)","Sempre em escola pública","Sempre (5 vezes por semana ou mais)","","","","","","","","","","","Intermediário","Intermediário","Intermediário","Avançado","Avançado","Avançado","Nenhum","Básico","Não fala","Não fala","Nunca","Sempre","Nunca","Nunca","Nunca","Sempre","Às vezes","Não leio","Não leio jormal","Até 2","Não leio","Não","Católica","Filmes na internet","Pelo Facebook","Minha intenção é seguir esta carreira","Obter competências para exercício de uma profissão","Conquistar vaga em empresa privada;Ingressar na carreira acadêmica","Não","Não fiz","Carro (próprio)","..."
"2022/09/07 11:20:58 AM GMT-3","ADS","Matutino","2211035","São Paulo (SP)","FRANCA","Mulher cis","Heterossexual","4","Agosto","2004","Solteiro(a)","Nenhuma","Nenhum","Com pais e(ou) parentes","5 ou mais pessoas","Próprio","Mais de 5 anos","Nenhum","Vôlei","Mais que 2 até 5 SM (R$ 2.424 - R$6.060 )","4+","2","1","2","1","0","4+","0","2","Sim","Sim","Sim","Não","Sim","Sou autônomo","Trabalho fora da área do curso","Tarde","nenhuma","Não tenho, uso o SUS","Ensino Médio","Ensino Médio","Sempre em escola particular paga pela família","Sempre (5 vezes por semana ou mais)","","","","","","","","","","","Intermediário","Intermediário","Nenhum","Pouco","Pouco","Pouco","Nenhum","Intermediário","Intermediário","Não fala","Às vezes","Sempre","Nunca","Nunca","Pouco","Sempre","Sempre","Raramente","Todos os assuntos","De 7 a 10","Romance;Ficção;Aventura","Não","Católica","Cinema;Filmes na internet;Literatura;Música;TV;Viagens;Games","Indicação de familiar/amigo","Minha intenção é seguir esta carreira","Obter competências para exercício de uma profissão","Ingressar na carreira acadêmica","Não","Não fiz","Transporte escolar","Meu sonho é ter uma carreira de sucesso."
"2022/09/07 11:21:41 AM GMT-3","ADS","Matutino","2121028","São Paulo (SP)","FRANCA","Homem cis","Heterossexual","11","Julho","2003","Solteiro(a)","Nenhuma","Nenhum","Com pais e(ou) parentes","5 ou mais pessoas","Alugado","Mais de 5 anos","Nenhum","Nenhum","Mais que 5 até 10 SM (R$ 6.060 - R$ 12.120)","2","1","0","2","1","0","4+","0","1","Sim","Sim","Sim","Não","Não","","","","","Tenho e é pago integralmente pela empresa","Ensino Médio","Ensino Superior","Sempre em escola pública","Pouco (1 ou 2 vezes por semana)","","","","","","","","","","","Intermediário","Intermediário","Pouco","Pouco","Intermediário","Pouco","Nenhum","Intermediário","Não fala","Não fala","Nunca","Sempre","Nunca","Nunca","Nunca","Sempre","Às vezes","Não leio","Não leio jormal","Nenhum","Não leio","Não","Evangélica","Cinema;Filmes na internet;Música;TV;Games","Indicação de familiar/amigo","Porquê eu ainda estou indeciso na minha carreira profissional ","Obter competências para exercício de uma profissão","Conquistar vaga em empresa privada","Não","Não fiz","Carro (próprio)","Sou uma pessoa com ainda indecisões na vida, más quero achar meu objetivo e ir afundo nele. Tenho o sonho de trabalhar como animador na Disney, e usarei os conhecimentos que a FATEC me proporciona para chegar lá."
"2022/09/07 11:22:11 AM GMT-3","ADS","Matutino","2211024","São Paulo (SP)","FRANCA","Mulher cis","Heterossexual","17","Dezembro","1998","Solteiro(a)","Nenhuma","Nenhum","Com pais e(ou) parentes","3 pessoas","Próprio","Mais de 5 anos","Nenhum","Corrida/Caminhada;Academia","Prefiro não responder","4+","2","1","2","1","0","3","0","2","Não","Sim","Sim","Sim","Sim","Trabalho Informal ( não registrado)","Trabalho fora da área do curso","Tarde","","Tenho e é um plano familiar","Ensino fundamental II (6º ao 9º anos)","Ensino Médio","Sempre em escola pública","Às vezes (2 ou 3 vezes por semana)","","","","","","","","","","","Intermediário","Intermediário","Nenhum","Avançado","Avançado","Avançado","Nenhum","Fluente","Não fala","Não fala","Pouco","Às vezes","Nunca","Nunca","Pouco","Sempre","Sempre","Não leio","Não leio jormal","Nenhum","Não leio","Não","Prefiro não responder","Cinema;Filmes na internet;Música;TV;Viagens;Games","Indicação de familiar/amigo","Este curso forma profissionais facilmente absorvidos pelo mercado","Obter novos conhecimentos;Obter competências para exercício de uma profissão;Conhecer novas pessoas;Melhorar-me como pessoa para bons relacionamentos futuros;Obter um diploma de nível superior","Conquistar vaga em empresa privada","Não","Não fiz","Moto (própria)","Passei por algumas infelicidades no quesito profissional e agora busco me encontrar em algo que me faça feliz. "
"2022/09/07 11:41:34 AM GMT-3","ADS","Matutino","2021014","São Paulo (SP)","FRANCA","Mulher cis","Heterossexual","12","Julho","1987","Casado(a) ou União Estável","Nenhuma","Nenhum","Com esposa(o) e(ou) filho(s)","2 pessoas","Alugado","1 a 2 anos","Ave","Nenhum","Mais que 2 até 5 SM (R$ 2.424 - R$6.060 )","1","1","1","1","1","0","2","0","1","Não","Sim","Não","Não","Sim","Trabalho Informal ( não registrado)","Trabalho fora da área do curso","Tarde","Escritorio de advocacia","Não tenho, uso o SUS","Ensino fundamental I (1º ao 5º anos)","Ensino fundamental I (1º ao 5º anos)","Sempre em escola pública","Sempre (5 vezes por semana ou mais)","","","","","","","","","","","Intermediário","Intermediário","Nenhum","Intermediário","Pouco","Pouco","Pouco","Não fala","Não fala","Não fala","Às vezes","Sempre","Nunca","Nunca","Nunca","Sempre","Sempre","Diariamente","Todos os assuntos","Nenhum","Não leio","Não","Católica","Cinema;Filmes na internet;Música;Teatro;TV","Indicação de familiar/amigo","É um curso bem conceituado na região","Obter competências para exercício de uma profissão","Conquistar vaga em empresa privada","Não","Não fiz","Moto (própria)","Busco aprender e ingressar na area de desenvolvimento de sistemas."
"2022/09/07 12:05:26 PM GMT-3","ADS","Matutino","2111008","São Paulo (SP)","FRANCA","Homem cis","Heterossexual","10","Outubro","2003","Solteiro(a)","Nenhuma","Nenhum","Com pais e(ou) parentes","4 pessoas","Próprio","Mais de 5 anos","Nenhum","Academia","Mais que 2 até 5 SM (R$ 2.424 - R$6.060 )","1","2","1","1","1","0","4+","1","2","Sim","Sim","Não","Não","Não","","","","","Tenho e é um plano familiar","Ensino Superior","Ensino fundamental II (6º ao 9º anos)","A maior parte em escola pública","Sempre (5 vezes por semana ou mais)","","","","","","","","","","","Pouco","Pouco","Nenhum","Intermediário","Pouco","Intermediário","Nenhum","Intermediário","Não fala","Não fala","Às vezes","Às vezes","Nunca","Nunca","Nunca","Nunca","Pouco","Não leio","Não leio jormal","Nenhum","Não leio","Não","Católica","Filmes na internet;Música;TV;Games","Indicação de familiar/amigo","Este curso forma profissionais facilmente absorvidos pelo mercado","Obter novos conhecimentos;Obter competências para exercício de uma profissão;Conhecer novas pessoas;Obter um diploma de nível superior","Conquistar vaga em empresa privada","Não","Não fiz","Carro (próprio)","Eu tenho 18 anos, pretendo me foa, para podermar para conseguir um bom emprego e me desenvolver mais na área assim, me tornar independente financeiramente."
"2022/09/07 12:07:53 PM GMT-3","ADS","Matutino","2211017","São Paulo (SP)","FRANCA","Mulher cis","Heterossexual","30","Junho","2004","Solteiro(a)","Nenhuma","Nenhum","Com pais e(ou) parentes","5 ou mais pessoas","Próprio","Mais de 5 anos","Nenhum","Futebol/Futsal;Corrida/Caminhada","Mais que 2 até 5 SM (R$ 2.424 - R$6.060 )","2","2","2","2","2","4+","0","0","1","Sim","Sim","Sim","Não","Sim","Sou registrado no comércio","Trabalho fora da área do curso","Tarde e noite","Supermecado Noemia","Tenho e é um plano familiar","Ensino Médio","Ensino Médio","A maior parte em escola particular paga pela família","Muito (3 ou 4 vezes por semana)","","","","","","","","","","","Intermediário","Intermediário","Pouco","Intermediário","Intermediário","Intermediário","Pouco","Não fala","Não fala","Não fala","Pouco","Sempre","Nunca","Nunca","Nunca","Às vezes","Às vezes","Raramente","Lazer, arte e cultura","Nenhum","Não leio","Não","Católica","Cinema;Filmes na internet;Música","Propaganda na escola que estudava","Minha intenção é seguir esta carreira","Obter novos conhecimentos;Obter competências para exercício de uma profissão;Obter um diploma de nível superior","Conquistar vaga em empresa privada","Não","Sim, no SENAI","Moto (própria)","Sair do ensino médio ano passado e como os dois últimos anos foi em meio a uma pandemia e nao tinha me dedicado aos estudos da forma que gostaria não iria fazer faculdade, mas tomei conhecimento da Fatec e dos cursos, achei a área bem interessante, mesmo não tendo tanto conhecimento, consegui passar na vaga e agora tenho como objetivo termina a faculdade e ingressar na área "
"2022/09/07 12:20:43 PM GMT-3","ADS","Matutino","2211003","São Paulo (SP)","FRANCA","Mulher cis","Heterossexual","1","Outubro","2004","Solteiro(a)","Auditiva","Nenhum","Com pais e(ou) parentes","3 pessoas","Alugado","1 a 2 anos","Cachorro","Vôlei","Mais que 5 até 10 SM (R$ 6.060 - R$ 12.120)","2","0","0","1","1","1","3","0","3","Sim","Sim","Não","Não","Não","","","","","Tenho e é um plano familiar","Ensino fundamental II (6º ao 9º anos)","Ensino Superior","A maior parte em escola particular paga pela família","Muito (3 ou 4 vezes por semana)","","","","","","","","","","","Intermediário","Intermediário","Pouco","Intermediário","Intermediário","Intermediário","Nenhum","Intermediário","Básico","Não fala","Pouco","Sempre","Nunca","Nunca","Nunca","Sempre","Às vezes","Não leio","Não leio jormal","De 3 até 6","Romance;Ficção;Aventura;Fantasia ","Sim","Testemunha de Jeová ","Cinema;Filmes na internet;Música;TV;Games","Indicação de familiar/amigo","Este curso forma profissionais que são bem remunerados","Obter competências para exercício de uma profissão","Nenhuma expectativa","Não","Não fiz","Carro por aplicativo (Uber, 99, etc.)","Tenho a vontade de conhecer o mundo e me manter a partir do meu conhecimento da tecnologia."
"2022/09/07 12:39:35 PM GMT-3","ADS","Matutino","1148009","São Paulo (SP)","FRANCA","Homem cis","Heterossexual","25","Novembro","1992","Solteiro(a)","Nenhuma","Nenhum","Com pais e(ou) parentes","4 pessoas","Próprio","Mais de 5 anos","Cachorro","Nenhum","Mais que 5 até 10 SM (R$ 6.060 - R$ 12.120)","2","1","0","1","1","0","4+","1","1","Sim","Sim","Sim","Não","Sim","Trabalho Informal ( não registrado)","Trabalho fora da área do curso","Tarde","Stop and Learn Idiomas","Tenho e é um plano individual","Ensino Superior","Pós-graduação","A maior parte em escola particular com bolsa","Sempre (5 vezes por semana ou mais)","","","","","","","","","","","Avançado","Avançado","Nenhum","Avançado","Avançado","Avançado","Nenhum","Fluente","Intermediário","Intermediário","Pouco","Sempre","Nunca","Nunca","Nunca","Às vezes","Pouco","Raramente","Notícias internacionais","Até 2","Ficção","Não","Nenhuma","Música;Viagens;Games","Indicação de familiar/amigo","Sugestão ou vontade familiar","Obter novos conhecimentos;Obter competências para exercício de uma profissão","Conquistar vaga em empresa privada","Não","Não fiz","Carro por aplicativo (Uber, 99, etc.)","Sou formado em Relações Internacionais pela Universidade de Brasília e atualmente trabalho como professor de idiomas; Além de fluência em inglês tenho conhecimento em japonês, italiano e francês."
"2022/09/07 12:54:52 PM GMT-3","ADS","Matutino","2211026","São Paulo (SP)","FRANCA","Homem cis","Heterossexual","23","Agosto","2001","Solteiro(a)","Nenhuma","Nenhum","Com pais e(ou) parentes","3 pessoas","Próprio","Mais de 5 anos","Gato","Futebol/Futsal;Vôlei;Tênis/Tênis de mesa","Mais que 2 até 5 SM (R$ 2.424 - R$6.060 )","2","2","1","2","2","1","3","1","1","Não","Sim","Não","Não","Sim","Sou registrado no comércio","Trabalho fora da área do curso","Tarde e noite","Vilas boas ","Não tenho, uso o SUS","Ensino fundamental II (6º ao 9º anos)","Ensino fundamental II (6º ao 9º anos)","Sempre em escola pública","Sempre (5 vezes por semana ou mais)","","","","","","","","","","","Avançado","Avançado","Pouco","Intermediário","Intermediário","Intermediário","Pouco","Básico","Básico","Não fala","Pouco","Sempre","Às vezes","Nunca","Pouco","Sempre","Às vezes","Não leio","Não leio jormal","De 7 a 10","Romance;Ficção;Biográfico;Aventura;Fantasia ","Não","Espírita","Cinema;Filmes na internet;Literatura;Música;Games","Indicação de familiar/amigo","Minha intenção é seguir esta carreira","Obter competências para exercício de uma profissão","Conquistar vaga em empresa privada","Não","Não fiz","Moto (própria)","."
"2022/09/07 1:07:11 PM GMT-3","ADS","Matutino","2211030","São Paulo (SP)","FRANCA","Homem cis","Heterossexual","1","Agosto","2003","Solteiro(a)","Nenhuma","Nenhum","Com pais e(ou) parentes","5 ou mais pessoas","Alugado","3 a 4 anos","Cachorro","Corrida/Caminhada","Mais que 2 até 5 SM (R$ 2.424 - R$6.060 )","3","1","1","1","1","2","4+","0","1","Sim","Sim","Não","Não","Sim","Sou estagiário","Trabalho fora da área do curso","Tarde","Caminhar associação de pessoas com deficiência cerebral ","Não tenho, uso o SUS","Prefiro não responder","Ensino Médio","Sempre em escola pública","Sempre (5 vezes por semana ou mais)","","","","","","","","","","","Intermediário","Intermediário","Nenhum","Intermediário","Avançado","Pouco","Nenhum","Básico","Intermediário","Não fala","Às vezes","Sempre","Pouco","Nunca","Pouco","Sempre","Às vezes","Algumas vezes por semana","Notícias nacionais","Até 2","Ficção;Aventura","Sim","Católica","Cinema;Filmes na internet;Música;Games","Cartaz de divulgação","Minha intenção é seguir esta carreira","Obter novos conhecimentos;Obter competências para exercício de uma profissão","Conquistar vaga em empresa privada;Prestar concurso público;Melhorar cargo e salário na empresa que trabalho","Não","Sim, em uma ETEC","Ônibus","Meu intuito é melhorar como pessoa e profissional, ampliando meu conhecimento e buscar um cargo nessa área de tecnologia!"
"2022/09/07 1:38:21 PM GMT-3","ADS","Matutino","2113044","São Paulo (SP)","FRANCA","Homem cis","Heterossexual","3","Dezembro","1983","Solteiro(a)","Nenhuma","Nenhum","Sozinho","Somente eu","Próprio","Mais de 5 anos","Gato","Nenhum","Mais que 2 até 5 SM (R$ 2.424 - R$6.060 )","1","0","1","1","1","0","1","0","2","Não","Sim","Não","Não","Sim","Sou registrado no comércio","Trabalho na área do curso","Tarde e noite","Claro","Tenho e é pago integralmente pela empresa","Ensino fundamental I (1º ao 5º anos)","Ensino fundamental I (1º ao 5º anos)","Sempre em escola pública","Sempre (5 vezes por semana ou mais)","","","","","","","","","","","Intermediário","Intermediário","Nenhum","Intermediário","Intermediário","Intermediário","Nenhum","Básico","Não fala","Não fala","Pouco","Sempre","Nunca","Nunca","Sempre","Pouco","Às vezes","Não leio","Não leio jormal","Até 2","Biográfico","Não","Nenhuma","Cinema;Filmes na internet;Música;Games","Propaganda na escola que estudava","Porque já trabalho na área","Obter novos conhecimentos","Nenhuma expectativa","Não","Sim, em uma ETEC","Moto (própria)","Estou sempre bem..."
"2022/09/07 2:09:06 PM GMT-3","ADS","Matutino","2211027","Bahia (BA)","FRANCA","Homem cis","Heterossexual","26","Janeiro","2004","Solteiro(a)","Nenhuma","Nenhum","Com pais e(ou) parentes","2 pessoas","Próprio","Mais de 5 anos","Gato","Nenhum","Até 2 SM (R$ 2.424)","3","0","0","2","1","0","2","1","0","Não","Sim","Não","Não","Não","","","","","Não tenho, uso o SUS","Ensino fundamental II (6º ao 9º anos)","Ensino Médio","Sempre em escola pública","Sempre (5 vezes por semana ou mais)","","","","","","","","","","","Intermediário","Intermediário","Nenhum","Pouco","Pouco","Pouco","Nenhum","Intermediário","Não fala","Não fala","Às vezes","Sempre","Nunca","Pouco","Nunca","Às vezes","Sempre","Algumas vezes por semana","Esporte","Nenhum","Não leio","Não","Prefiro não responder","Filmes na internet;Música;TV;Viagens;Games","Indicação de familiar/amigo","Este curso forma profissionais que são bem remunerados","Obter novos conhecimentos;Obter competências para exercício de uma profissão;Conhecer novas pessoas;Obter um diploma de nível superior","Conquistar vaga em empresa privada;Abrir meu próprio negócio","Não","Não fiz","Ônibus","Nada a acrescentar "
"2022/09/07 3:49:27 PM GMT-3","ADS","Noturno","2213013","São Paulo (SP)","FRANCA","Homem cis","Heterossexual","31","Janeiro","2002","Solteiro(a)","Nenhuma","Nenhum","Com pais e(ou) parentes","4 pessoas","Próprio","Mais de 5 anos","Gato","Futebol/Futsal","Mais que 2 até 5 SM (R$ 2.424 - R$6.060 )","3","2","1","1","1","0","4+","1","2","Sim","Sim","Não","Não","Sim","Sou registrado no comércio","Trabalho fora da área do curso","Manhã e tarde","Central Mecânica Automotiva","Tenho e é um plano familiar","Ensino fundamental II (6º ao 9º anos)","Ensino Superior","Sempre em escola pública","Sempre (5 vezes por semana ou mais)","","","","","","","","","","","Intermediário","Intermediário","Pouco","Intermediário","Intermediário","Intermediário","Intermediário","Intermediário","Básico","Não fala","Nunca","Sempre","Pouco","Pouco","Pouco","Às vezes","Pouco","Raramente","Todos os assuntos","De 3 até 6","Romance;Ficção;Autoajuda","Não","Espírita","Cinema;Filmes na internet;Literatura;Música;Viagens","Indicação de familiar/amigo","Minha intenção é seguir esta carreira","Obter competências para exercício de uma profissão","Conquistar vaga em empresa privada","Não","Sim, no SENAC","Carro (próprio)","Meus principais sonhos são: ingressar em uma carreira na área de tecnologia, impactar pessoas, construir uma família e viajar o mundo para conhecer culturas, pessoas e ambientes diferentes. "
"2022/09/07 3:49:42 PM GMT-3","ADS","Matutino","2211011","São Paulo (SP)","FRANCA","Mulher cis","Heterossexual","24","Junho","2004","Solteiro(a)","Nenhuma","Nenhum","Com pais e(ou) parentes","3 pessoas","Financiado","4 a 5 anos","Nenhum","Corrida/Caminhada","Mais que 2 até 5 SM (R$ 2.424 - R$6.060 )","1","1","0","2","1","0","3","1","1","Não","Sim","Não","Não","Não","","","","","Não tenho, uso o SUS","Prefiro não responder","Pós-graduação","Sempre em escola pública","Sempre (5 vezes por semana ou mais)","","","","","","","","","","","Muito","Intermediário","Pouco","Intermediário","Intermediário","Intermediário","Pouco","Intermediário","Fluente","Não fala","Às vezes","Sempre","Pouco","Pouco","Sempre","Sempre","Às vezes","Diariamente","Lazer, arte e cultura","Mais de 10","Romance;Ficção;Policial;Aventura","Não","Católica","Cinema;Filmes na internet;Literatura;Música;TV","Propaganda na escola que estudava","Minha intenção é seguir esta carreira","Obter novos conhecimentos;Obter competências para exercício de uma profissão;Conhecer novas pessoas;Melhorar-me como pessoa para bons relacionamentos futuros;Obter um diploma de nível superior","Ingressar na carreira acadêmica","Não","Não fiz","Ônibus","Quero conquistar meus sonhos e melhorar minha qualidade de vida "
"2022/09/07 4:55:02 PM GMT-3","ADS","Matutino","2213005","São Paulo (SP)","FRANCA","Homem cis","Heterossexual","20","Maio","2002","Solteiro(a)","Nenhuma","Nenhum","Com pais e(ou) parentes","3 pessoas","Próprio","Mais de 5 anos","Cachorro","Handball","Mais que 2 até 5 SM (R$ 2.424 - R$6.060 )","0","0","1","1","1","0","1","0","1","Sim","Sim","Não","Não","Sim","Sou registrado em indústria (calçados/confecções/outras)","Trabalho na área do curso","Tarde e noite","LUIZALABS","Não tenho, uso o SUS","Ensino Médio","Ensino Médio","Sempre em escola pública","Sempre (5 vezes por semana ou mais)","","","","","","","","","","","Avançado","Avançado","Avançado","Avançado","Avançado","Intermediário","Intermediário","Básico","Não fala","Não fala","Pouco","Às vezes","Nunca","Nunca","Nunca","Sempre","Às vezes","Algumas vezes por semana","Todos os assuntos","Nenhum","Não leio","Sim","Evangélica","Cinema;Filmes na internet;Música;Teatro;TV;Viagens;Games","Indicação de familiar/amigo","Minha intenção é seguir esta carreira","Obter novos conhecimentos;Obter competências para exercício de uma profissão;Obter um diploma de nível superior","Conquistar vaga em empresa privada;Prestar concurso público;Melhorar cargo e salário na empresa que trabalho","Não","Não fiz","Moto (própria)","Bem sucedido e ter uma família "
"2022/09/08 1:23:54 PM GMT-3","ADS","Noturno","2213028","São Paulo (SP)","FRANCA","Homem cis","Heterossexual","6","Fevereiro","2004","Solteiro(a)","Nenhuma","Nenhum","Com pais e(ou) parentes","2 pessoas","Próprio","Mais de 5 anos","Cachorro","Ciclismo","Mais que 5 até 10 SM (R$ 6.060 - R$ 12.120)","1","1","0","2","1","0","3","0","2","Sim","Sim","Não","Não","Sim","Sou registrado em indústria (calçados/confecções/outras)","Trabalho na área do curso","Manhã e tarde","Loja do Mecânico","Tenho e é um plano familiar","Ensino Médio","Nenhuma escolaridade","Sempre em escola pública","Sempre (5 vezes por semana ou mais)","","","","","","","","","","","Avançado","Intermediário","Intermediário","Intermediário","Intermediário","Intermediário","Intermediário","Básico","Básico","Não fala","Pouco","Sempre","Nunca","Nunca","Pouco","Sempre","Às vezes","Não leio","Não leio jormal","Nenhum","Não leio","Sim","Católica","Cinema;Filmes na internet;Música;Viagens;Games","Indicação de familiar/amigo","Porque já trabalho na área","Obter novos conhecimentos;Obter competências para exercício de uma profissão;Conhecer novas pessoas;Melhorar-me como pessoa para bons relacionamentos futuros;Obter um diploma de nível superior","Ter um diploma de ensino superior para me aplicar para vagas de dev sênior no exterior.","Não","Sim, no SENAC","Bicicleta","Conheci a programação em 2019, com apenas 15 anos de idade, num curso de iniciação a computação feito por uma parceria entre o UNI-Facef, a ONG Franca Viva e o Luizalabs. Este curso foi minha porta de entrada para ingressar no Luizalabs como jovem aprendiz na área de backend Java no ano de 2021. Em agosto de 2022, finalizei meu ciclo na empresa. E agora em setembro entrei como Dev Java Pleno na Loja do Mecânico."
"2022/09/08 3:56:46 PM GMT-3","ADS","Noturno","2213003","São Paulo (SP)","FRANCA","Homem cis","Heterossexual","23","Janeiro","2004","Solteiro(a)","Nenhuma","Nenhum","Com pais e(ou) parentes","4 pessoas","Próprio","1 a 2 anos","Cachorro","Nenhum","Prefiro não responder","4+","2","1","2","2","0","4+","0","1","Não","Sim","Não","Não","Não","","","","","Não tenho, uso o SUS","Ensino Médio","Ensino Médio","Sempre em escola pública","Às vezes (2 ou 3 vezes por semana)","","","","","","","","","","","Intermediário","Intermediário","Pouco","Avançado","Avançado","Avançado","Nenhum","Básico","Básico","Não fala","Pouco","Sempre","Nunca","Nunca","Pouco","Pouco","Às vezes","Não leio","Não leio jormal","Mais de 10","Ficção;Aventura","Não","Católica","Filmes na internet;Viagens;Games","Propaganda na escola que estudava","Minha intenção é seguir esta carreira","Obter competências para exercício de uma profissão","Conquistar vaga em empresa privada","Não","Sim, em uma ETEC","Bicicleta","Quero ajudar minha família e deixar eles felizes "
"2022/09/08 4:44:21 PM GMT-3","ADS","Noturno","2213039","São Paulo (SP)","FRANCA","Homem cis","Heterossexual","17","Junho","1988","Casado(a) ou União Estável","Nenhuma","Nenhum","Com esposa(o) e(ou) filho(s)","2 pessoas","Alugado","3 a 4 anos","Nenhum","Corrida/Caminhada","Mais que 2 até 5 SM (R$ 2.424 - R$6.060 )","2","0","1","1","1","0","2","1","1","Não","Sim","Não","Não","Sim","Sou estagiário","Trabalho na área do curso","Manhã","Secretaria de Educação","Não tenho, uso o SUS","Prefiro não responder","Ensino fundamental II (6º ao 9º anos)","Sempre em escola pública","Sempre (5 vezes por semana ou mais)","","","","","","","","","","","Avançado","Intermediário","Pouco","Intermediário","Intermediário","Intermediário","Pouco","Básico","Não fala","Não fala","Nunca","Sempre","Nunca","Nunca","Nunca","Nunca","Às vezes","Não leio","Não leio jormal","De 3 até 6","Romance;Ficção;Aventura;Autoajuda","Sim","Evangélica","Cinema;Filmes na internet;Literatura;Música;Viagens;Games","Propaganda na escola que estudava","Minha intenção é seguir esta carreira","Obter novos conhecimentos;Obter competências para exercício de uma profissão;Conhecer novas pessoas;Melhorar-me como pessoa para bons relacionamentos futuros","Conquistar vaga em empresa privada;Prestar concurso público","Não","Sim, em uma ETEC","Moto (própria)","Em minha vida eu sempre encarei e encaro desafios. Meu sonho é dar uma vida confortável a minha família."
"2022/09/08 8:57:56 PM GMT-3","ADS","Noturno","2213024","São Paulo (SP)","FRANCA","Homem cis","Heterossexual","10","Dezembro","1983","Casado(a) ou União Estável","Nenhuma","Um","Com esposa(o) e(ou) filho(s)","3 pessoas","Financiado","Mais de 5 anos","Cachorro","Corrida/Caminhada","Mais que 2 até 5 SM (R$ 2.424 - R$6.060 )","1","1","1","1","1","0","3","1","1","Sim","Sim","Não","Não","Sim","Sou registrado no comércio","Trabalho fora da área do curso","Manhã e tarde","Posto paineirao 3","Tenho e é pago parcialmente pela empresa","Ensino fundamental I (1º ao 5º anos)","Ensino fundamental I (1º ao 5º anos)","Sempre em escola pública","Sempre (5 vezes por semana ou mais)","","","","","","","","","","","Intermediário","Intermediário","Nenhum","Intermediário","Intermediário","Pouco","Intermediário","Básico","Básico","Não fala","Nunca","Sempre","Nunca","Pouco","Pouco","Às vezes","Às vezes","Não leio","Todos os assuntos","Nenhum","Não leio","Não","Católica","Cinema;Filmes na internet;Música;Viagens","Pelo Facebook","Este curso forma profissionais facilmente absorvidos pelo mercado","Obter competências para exercício de uma profissão","Conquistar vaga em empresa privada","Não","Não fiz","Moto (própria)","Venho de uma família humilde,  sou graduado em Administração, trabalho as 16 anos em um posto de combustível, comecei o custo de ADS  na intenção de melhorar minha qualidade de vida."
"2022/09/08 11:18:30 PM GMT-3","ADS","Noturno","2113046","São Paulo (SP)","FRANCA","Mulher cis","Heterossexual","26","Novembro","1995","Casado(a) ou União Estável","Nenhuma","Nenhum","Com esposa(o) e(ou) filho(s)","2 pessoas","Alugado","Menos de 1 ano","Cachorro","Nenhum","Mais que 5 até 10 SM (R$ 6.060 - R$ 12.120)","1","1","0","1","1","0","3","0","3","Não","Sim","Não","Não","Sim","Sou registrado em empresa prestadora de serviços","Trabalho na área do curso","Manhã e tarde","Loja do Mecânico","Não tenho, uso o SUS","Ensino fundamental I (1º ao 5º anos)","Ensino fundamental I (1º ao 5º anos)","Sempre em escola pública","Sempre (5 vezes por semana ou mais)","","","","","","","","","","","Muito","Intermediário","Pouco","Intermediário","Intermediário","Intermediário","Intermediário","Básico","Não fala","Não fala","Pouco","Sempre","Pouco","Nunca","Pouco","Sempre","Às vezes","Diariamente","Todos os assuntos","Até 2","Ficção","Não","Nenhuma","Cinema;Filmes na internet;Música;TV;Viagens;Games","Cartaz de divulgação","Minha intenção é seguir esta carreira","Obter novos conhecimentos;Obter competências para exercício de uma profissão;Obter um diploma de nível superior","Melhorar cargo e salário na empresa que trabalho;Ingressar na carreira acadêmica","Não","Não fiz","Carro (próprio)","Sou formada em Matemática e atualmente faço Química (ead) e ADS (presencial), até os meus 30 anos quero estár formada nas áreas que estudo e incluindo Física e uma pós na área de Astronomia (sou astronoma amadora). Sou Analista de Intelência de Mercado, trabalhando na área de dados e pretendo continuar na área. Meus sonhos são ter minha casa própria, formar nas áreas que estudo e realizar tudo que planejo..."
"2022/09/08 11:23:02 PM GMT-3","ADS","Matutino","2211038","São Paulo (SP)","FRANCA","Homem cis","Heterossexual","1","Março","2003","Solteiro(a)","Nenhuma","Nenhum","Com pais e(ou) parentes","4 pessoas","Próprio","Mais de 5 anos","Cachorro","Futebol/Futsal;Academia","Mais que 2 até 5 SM (R$ 2.424 - R$6.060 )","1","1","1","1","1","1","1","1","1","Sim","Não","Não","Sim","Não","","","","","Não tenho, uso o SUS","Ensino Médio","Ensino Médio","Sempre em escola pública","Pouco (1 ou 2 vezes por semana)","","","","","","","","","","","Intermediário","Intermediário","Nenhum","Pouco","Pouco","Pouco","Pouco","Básico","Não fala","Não fala","Às vezes","Sempre","Pouco","Nunca","Nunca","Sempre","Nunca","Diariamente","Esporte","Nenhum","Não leio","Sim","Nenhuma","Cinema","Cartaz de divulgação","Este curso é de média duração","Obter novos conhecimentos","Melhorar cargo e salário na empresa que trabalho;Nenhuma expectativa","Sim","Não fiz","Caminhando","Jj"
"2022/09/08 11:26:02 PM GMT-3","ADS","Noturno","1090482","Amazonas (AM)","Capetinga","Homem cis","Heterossexual","15","Dezembro","1994","Separado(a), desquitado(a), divorciado(a)","Física","Um","Com pais e(ou) parentes","5 ou mais pessoas","Próprio","Mais de 5 anos","Nenhum","Nenhum","Mais que 10 até 20 SM (R$ 12.120- R$ 24.240)","2","2","1","1","2","0","3","2","1","Sim","Sim","Sim","Sim","Sim","Sou empresário","Trabalho fora da área do curso","Manhã e tarde","Cuido do Sitio da Familia","Tenho e é um plano familiar","Ensino Superior","Ensino Superior","A maior parte em escola pública","Muito (3 ou 4 vezes por semana)","","","","","","","","","","","Avançado","Intermediário","Intermediário","Intermediário","Intermediário","Intermediário","Nenhum","Intermediário","Não fala","Não fala","Pouco","Às vezes","Pouco","Pouco","Pouco","","Às vezes","Raramente","Política","Mais de 10","Ficção;Aventura","Sim","Prefiro não responder","Cinema;Filmes na internet;Música;Games","Propaganda na escola que estudava","Este curso é gratuito","Não tenho expectativa alguma","Nenhuma expectativa","Não","Sim, em uma ETEC","Carro por aplicativo (Uber, 99, etc.)","Mais um alguem perdido nas areia do destino"
"2022/09/08 11:26:44 PM GMT-3","ADS","Noturno","2213021","Minas Gerais (MG)","FRANCA","Mulher cis","Heterossexual","6","Janeiro","1990","Solteiro(a)","Nenhuma","Nenhum","Com pais e(ou) parentes","5 ou mais pessoas","Próprio","Mais de 5 anos","Cachorro","Outro(s)","Mais que 2 até 5 SM (R$ 2.424 - R$6.060 )","2","4+","0","1","1","4+","0","1","1","Não","Sim","Não","Não","Sim","Sou autônomo","Trabalho na área do curso","Manhã e tarde","Oneberto","Não tenho, uso o SUS","Ensino Médio","Ensino Médio","Sempre em escola pública","Sempre (5 vezes por semana ou mais)","","","","","","","","","","","Intermediário","Intermediário","Nenhum","Intermediário","Intermediário","Intermediário","Nenhum","Não fala","Não fala","Não fala","Pouco","Sempre","Nunca","Nunca","Pouco","Pouco","Nunca","Não leio","Não leio jormal","De 7 a 10","Romance","Não","Católica","Nenhuma","Pelo Facebook","Minha intenção é seguir esta carreira","Obter novos conhecimentos","Nenhuma expectativa","Não","Sim, em uma ETEC","Carro (próprio)","A vida é um processo de aprendizagem, meu sonho de vida é desenvolver como ser humano "
"2022/09/08 11:52:15 PM GMT-3","ADS","Noturno","2213019","São Paulo (SP)","FRANCA","Homem cis","Homossexual","1","Fevereiro","1998","Solteiro(a)","Nenhuma","Nenhum","Com pais e(ou) parentes","5 ou mais pessoas","Próprio","2 a 3 anos","Cachorro","Nenhum","Mais que 10 até 20 SM (R$ 12.120- R$ 24.240)","2","3","1","1","1","0","4+","1","3","Sim","Sim","Sim","Não","Sim","Sou autônomo","Trabalho fora da área do curso","Tarde","Autônomo","Não tenho, uso o SUS","Prefiro não responder","Pós-graduação","Sempre em escola pública","Sempre (5 vezes por semana ou mais)","","","","","","","","","","","Intermediário","Pouco","Nenhum","Intermediário","Intermediário","Pouco","Pouco","Básico","Básico","Não fala","Pouco","Às vezes","Nunca","Pouco","Pouco","Sempre","Às vezes","Raramente","Notícias internacionais","De 3 até 6","Ficção","Não","Nenhuma","Cinema;Exposições de arte;Filmes na internet;Literatura;Museus;Música;Teatro;TV;Viagens","Indicação de familiar/amigo","Minha intenção é seguir esta carreira","Obter novos conhecimentos","Conquistar vaga em empresa privada;Abrir meu próprio negócio;Ingressar na carreira acadêmica","Não","Sim, em uma ETEC","Moto (própria)","Minha história de vida nunca foi tão fácil. Tenho meus sonhos e  objetivos a serem alcançados a curto e longo prazo, corro atrás deles para lograr êxito."
"2022/09/09 6:04:35 AM GMT-3","ADS","Noturno","2213046","São Paulo (SP)","FRANCA","Homem cis","Heterossexual","24","Maio","2003","Solteiro(a)","Nenhuma","Nenhum","Com pais e(ou) parentes","5 ou mais pessoas","Próprio","Mais de 5 anos","Cachorro","Futebol/Futsal;Basquete;Vôlei;Academia","Mais que 5 até 10 SM (R$ 6.060 - R$ 12.120)","3","2","0","1","1","2","4+","0","2","Sim","Sim","Não","Não","Sim","Não trabalho","Não trabalho","Não trabalho","","Tenho e é um plano familiar","Ensino fundamental II (6º ao 9º anos)","Pós-graduação","Sempre em escola pública","Muito (3 ou 4 vezes por semana)","","","","","","","","","","","Intermediário","Pouco","Nenhum","Intermediário","Intermediário","Intermediário","Nenhum","Intermediário","Básico","Não fala","Pouco","Sempre","Nunca","Nunca","Pouco","Às vezes","Às vezes","Raramente","Todos os assuntos","Nenhum","Não leio","Não","Nenhuma","Cinema;Filmes na internet;Música;TV;Games","Indicação de familiar/amigo","Minha intenção é seguir esta carreira","Obter novos conhecimentos;Obter competências para exercício de uma profissão;Melhorar-me como pessoa para bons relacionamentos futuros","Conquistar vaga em empresa privada","Não","Sim, em uma ETEC","Carro (próprio)","Sempre gostei de mexer em computador e celular, depois de ter feito mecatrônica na ETEC por conta desse gosto, desenvolvi interesse em trabalhar com tecnologia e por meio de disciplinas da Mecatrônica decidi tentar entrar na área de programação "
"2022/09/09 7:45:08 AM GMT-3","ADS","Matutino","2121023","São Paulo (SP)","FRANCA","Homem cis","Heterossexual","5","Abril","2002","Solteiro(a)","Nenhuma","Nenhum","Com pais e(ou) parentes","3 pessoas","Próprio","Menos de 1 ano","Cachorro","Basquete;Natação;Academia","Mais que 10 até 20 SM (R$ 12.120- R$ 24.240)","4+","2","0","2","2","0","4+","4+","4+","Sim","Sim","Sim","Sim","Sim","Sou registrado no comércio","Trabalho fora da área do curso","Tarde e noite","Panificadora perola","Tenho e é um plano familiar","Ensino Médio","Ensino Médio","Sempre em escola particular paga pela família","Sempre (5 vezes por semana ou mais)","","","","","","","","","","","Muito","Avançado","Pouco","Avançado","Avançado","Intermediário","Intermediário","Fluente","Não fala","Básico","Pouco","Sempre","Nunca","Nunca","Nunca","Pouco","Nunca","Não leio","Não leio jormal","Até 2","Ficção;Aventura","Não","Nenhuma","Cinema;Música;TV;Viagens;Games","Indicação de familiar/amigo","Este curso forma profissionais facilmente absorvidos pelo mercado","Obter novos conhecimentos;Obter competências para exercício de uma profissão;Melhorar-me como pessoa para bons relacionamentos futuros;Obter um diploma de nível superior","Conquistar vaga em empresa privada;Prestar concurso público","Não","Não fiz","Carro (próprio)","."
"2022/09/09 9:36:10 AM GMT-3","ADS","Matutino","2211002","São Paulo (SP)","FRANCA","Homem cis","Heterossexual","19","Abril","2004","Solteiro(a)","Nenhuma","Nenhum","Com pais e(ou) parentes","4 pessoas","Próprio","Mais de 5 anos","Gato","Basquete","Até 2 SM (R$ 2.424)","2","1","0","1","1","0","4+","0","0","Não","Sim","Não","Não","Sim","Sou registrado em indústria (calçados/confecções/outras)","Trabalho fora da área do curso","Tarde e noite","Giraffas","Não tenho, uso o SUS","Ensino Médio","Ensino Médio","Sempre em escola pública","Às vezes (2 ou 3 vezes por semana)","","","","","","","","","","","Intermediário","Intermediário","Pouco","Avançado","Avançado","Avançado","Intermediário","Básico","Intermediário","Básico","Pouco","Sempre","Pouco","Nunca","Pouco","Às vezes","Às vezes","Não leio","Não leio jormal","Mais de 10","Ficção;Aventura;Light novel","Não","Católica","Filmes na internet;Literatura;TV;Games","Cartaz de divulgação","Minha intenção é seguir esta carreira","Obter novos conhecimentos","Abrir meu próprio negócio","Não","Sim, em outra instituição","Ônibus","Sou um otaku e meu sonho e ser um programador de jogos"
"2022/09/09 9:50:21 AM GMT-3","DSM","Noturno","7777777","São Paulo (SP)","FRANCA","Homem cis","Heterossexual","9","Setembro","1904","Separado(a), desquitado(a), divorciado(a)","Nenhuma","Três","Com esposa(o) e(ou) filho(s)","4 pessoas","Alugado","Mais de 5 anos","Cachorro","Corrida/Caminhada;Nenhum;Outro(s)","Mais que 5 até 10 SM (R$ 6.060 - R$ 12.120)","2","2","0","1","1","0","2","0","2","Sim","Sim","Não","Não","Sim","Sou empresário","Trabalho na área do curso","Manhã e tarde","prefiro não responder","Tenho e é pago parcialmente pela empresa","Pós-graduação","Ensino Superior","A maior parte em escola pública","Sempre (5 vezes por semana ou mais)","","","","","","","","","","","Avançado","Avançado","Avançado","Avançado","Avançado","Avançado","Avançado","Fluente","Básico","Não fala","Às vezes","Sempre","Pouco","Nunca","Pouco","Pouco","Às vezes","Raramente","Notícias internacionais","Mais de 10","Romance;Ficção;Policial;Biográfico;Aventura;Conto, poesia","Sim","Espírita;não frequento algum centro regularmente","Filmes na internet;Literatura;Música;Teatro;TV","Indicação de familiar/amigo","Porque já trabalho na área","Obter novos conhecimentos","aplicar os conhecimentos a resolução de problemas","Não","Não fiz","Carro (próprio)","testando a fase 1 da atividade de perfil socioeconomico"
"2022/09/09 9:54:17 AM GMT-3","ADS","Matutino","2121047","São Paulo (SP)","FRANCA","Mulher cis","Bissexual","22","Dezembro","2000","Solteiro(a)","Nenhuma","Nenhum","Com pais e(ou) parentes","4 pessoas","Próprio","Mais de 5 anos","Cachorro","Corrida/Caminhada;Natação;Academia","Até 2 SM (R$ 2.424)","1","2","1","1","1","1","1","1","1","Sim","Sim","Sim","Não","Sim","Sou registrado no comércio","Trabalho fora da área do curso","Tarde e noite","Magazine luiza ","Não tenho, uso o SUS","Ensino Médio","Ensino Médio","Sempre em escola pública","Nunca","Sim","Sim","Não","Não","Sim","Sim","Sim","Sim","Não","Não","Pouco","Pouco","Pouco","Pouco","Pouco","Intermediário","Nenhum","Não fala","Não fala","Não fala","Nunca","Nunca","Nunca","Nunca","Nunca","Nunca","Pouco","Não leio","Não leio jormal","Mais de 10","Romance;Ficção;Aventura","Sim","Espírita","Cinema","Indicação de familiar/amigo","É um curso bem conceituado na região","Obter novos conhecimentos;Obter competências para exercício de uma profissão;Conhecer novas pessoas;Melhorar-me como pessoa para bons relacionamentos futuros;Obter um diploma de nível superior;Não tenho expectativa alguma","Prestar concurso público","Não","Sim, em outra instituição","Carro (próprio)","Formar na faculdade e conseguir um bom emprego"
"2022/09/09 10:12:57 AM GMT-3","ADS","Matutino","2121032","São Paulo (SP)","FRANCA","Mulher cis","Bissexual","16","Janeiro","1997","Solteiro(a)","Nenhuma","Nenhum","Com pais e(ou) parentes","4 pessoas","Próprio","Menos de 1 ano","Cachorro","Outro(s)","Prefiro não responder","1","2","0","1","2","0","4+","0","2","Não","Sim","Não","Não","Sim","Sou estagiário","Trabalho na área do curso","Tarde","Prefeitura de Franca","Não tenho, uso o SUS","Ensino Superior","Ensino Médio","A maior parte em escola pública","Sempre (5 vezes por semana ou mais)","","","","","","","","","","","Intermediário","Intermediário","Pouco","Intermediário","Pouco","Pouco","Nenhum","Intermediário","Básico","Não fala","Nunca","Sempre","Nunca","Nunca","Nunca","Às vezes","Às vezes","Não leio","Não leio jormal","De 7 a 10","Suspense ","Não","Nenhuma","Cinema;Exposições de arte;Filmes na internet;Literatura;Museus;Música;Viagens","Indicação de familiar/amigo","Este curso forma profissionais facilmente absorvidos pelo mercado","Obter novos conhecimentos;Obter competências para exercício de uma profissão;Conhecer novas pessoas","Conquistar vaga em empresa privada;Ingressar na carreira acadêmica","Não","Não fiz","Carona","Nascida em Franca porém já mudei de cidade umas 10 vezes. Apaixonada por viagem e conhecer novas culturas. Tecnologia, suas possibilidades e estatística me fascinam e pretendo seguir por esse caminho e talvez pela área acadêmica "
"2022/09/09 11:19:01 AM GMT-3","ADS","Noturno","2213040","São Paulo (SP)","FRANCA","Homem cis","Heterossexual","26","Maio","2003","Solteiro(a)","Nenhuma","Nenhum","Com pais e(ou) parentes","5 ou mais pessoas","Próprio","Mais de 5 anos","Nenhum","Futebol/Futsal;Basquete;Ciclismo","Mais que 2 até 5 SM (R$ 2.424 - R$6.060 )","2","2","1","1","1","0","4+","1","1","Não","Sim","Sim","Não","Sim","Sou registrado em empresa prestadora de serviços","Trabalho fora da área do curso","Manhã e tarde","R.Raimundo Serigrafia","Não tenho, uso o SUS","Ensino Médio","Ensino Superior","Sempre em escola pública","Sempre (5 vezes por semana ou mais)","","","","","","","","","","","Pouco","Pouco","Nenhum","Intermediário","Pouco","Pouco","Pouco","Básico","Não fala","Não fala","Pouco","Sempre","Nunca","Nunca","Pouco","Pouco","Às vezes","Raramente","Notícias locais","Até 2","Ficção;Aventura","Sim","Católica","Cinema;Filmes na internet;Música;TV;Games","Indicação de familiar/amigo","Minha intenção é seguir esta carreira","Obter competências para exercício de uma profissão","Conquistar vaga em empresa privada","Não","Não fiz","Carona","A partir dos meus 10 anos tive meu primeiro contato com a tecnologia, sempre fui muito curioso. Busco construir uma carreira profissional no intuito de conquistar estabilidade financeira, e uma melhor condição de vida, constituir família e conhecer outros países."
"2022/09/09 6:21:22 PM GMT-3","ADS","Noturno","2121036","São Paulo (SP)","FRANCA","Homem cis","Heterossexual","15","Fevereiro","2003","Solteiro(a)","Nenhuma","Nenhum","Com pais e(ou) parentes","4 pessoas","Próprio","1 a 2 anos","Cachorro","Outro(s)","Mais que 2 até 5 SM (R$ 2.424 - R$6.060 )","3","1","2","1","2","0","4+","1","1","Não","Sim","Não","Não","Sim","Sou registrado em empresa prestadora de serviços","Trabalho na área do curso","Manhã e tarde","CCBEU","Tenho e é pago integralmente pela empresa","Pós-graduação","Ensino Superior","Sempre em escola pública","Sempre (5 vezes por semana ou mais)","","","","","","","","","","","Avançado","Avançado","Nenhum","Intermediário","Intermediário","Pouco","Pouco","Básico","Não fala","Não fala","Nunca","Sempre","Nunca","Nunca","Nunca","Às vezes","Pouco","Não leio","Não leio jormal","Nenhum","Não leio","Não","Nenhuma","Cinema;Filmes na internet;Música;TV;Games","Indicação de familiar/amigo","Minha intenção é seguir esta carreira","Obter competências para exercício de uma profissão","Conquistar vaga em empresa privada","Não","Sim, no SENAI","Moto (própria)","Sempre fui apaixonado por tecnologia e ja pretendia seguir na área"
"2022/09/09 7:39:53 PM GMT-3","ADS","Noturno","2023011","São Paulo (SP)","FRANCA","Homem cis","Heterossexual","30","Dezembro","2001","Solteiro(a)","Nenhuma","Nenhum","Com pais e(ou) parentes","3 pessoas","Próprio","1 a 2 anos","Cachorro","Futebol/Futsal","Mais que 2 até 5 SM (R$ 2.424 - R$6.060 )","1","1","0","1","1","1","0","0","1","Não","Sim","Não","Não","Sim","Sou registrado em empresa prestadora de serviços","Trabalho fora da área do curso","Manhã e tarde","IT2B","Não tenho, uso o SUS","Ensino Médio","Ensino Superior","Sempre em escola pública","Muito (3 ou 4 vezes por semana)","","","","","","","","","","","Intermediário","Intermediário","Pouco","Intermediário","Intermediário","Intermediário","Pouco","Intermediário","Intermediário","Básico","Pouco","Sempre","Pouco","Pouco","Pouco","Sempre","Às vezes","Raramente","Notícias locais","Até 2","Ficção","Não","Católica","Cinema;Filmes na internet;Música;TV;Viagens;Games","Indicação de familiar/amigo","Este curso forma profissionais facilmente absorvidos pelo mercado","Obter competências para exercício de uma profissão","Conquistar vaga em empresa privada;Melhorar cargo e salário na empresa que trabalho","Não","Não fiz","Carro (próprio)","Pretendo conquistar meus objetivos e meu emprego dos sonhos"
"2022/09/09 11:35:33 PM GMT-3","ADS","Noturno","2213049","São Paulo (SP)","FRANCA","Homem cis","Heterossexual","10","Maio","2004","Solteiro(a)","Nenhuma","Nenhum","Com pais e(ou) parentes","5 ou mais pessoas","Próprio","Mais de 5 anos","Cachorro","Nenhum","Mais que 5 até 10 SM (R$ 6.060 - R$ 12.120)","3","4+","2","1","1","4+","4+","0","2","Não","Sim","Não","Não","Sim","Sou registrado no comércio","Trabalho fora da área do curso","Manhã e tarde","Disk cópia ","Não tenho, uso o SUS","Ensino fundamental I (1º ao 5º anos)","Ensino fundamental II (6º ao 9º anos)","A maior parte em escola pública","Sempre (5 vezes por semana ou mais)","","","","","","","","","","","Intermediário","Intermediário","Pouco","Intermediário","Pouco","Pouco","Nenhum","Não fala","Básico","Não fala","Pouco","Sempre","Nunca","Nunca","Nunca","Sempre","Sempre","Não leio","Não leio jormal","De 3 até 6","Autoajuda","Não","Católica","Filmes na internet","Indicação de familiar/amigo","Minha intenção é seguir esta carreira","Obter competências para exercício de uma profissão","Abrir meu próprio negócio","Não","Não fiz","Moto (própria)","Meu sonho é um dia me formar e arrumar um serviço na área "
"2022/09/10 9:13:12 AM GMT-3","ADS","Noturno","2013013","São Paulo (SP)","FRANCA","Homem cis","Heterossexual","22","Novembro","1995","Solteiro(a)","Nenhuma","Nenhum","Com pais e(ou) parentes","3 pessoas","Próprio","Mais de 5 anos","Cachorro","Futebol/Futsal;Basquete","Mais que 5 até 10 SM (R$ 6.060 - R$ 12.120)","2","1","0","2","1","0","3","1","1","Sim","Sim","Não","Não","Sim","Sou registrado no comércio","Trabalho fora da área do curso","Manhã e tarde","Magazine Luiza","Tenho e é pago parcialmente pela empresa","Ensino Médio","Ensino Médio","Sempre em escola pública","Sempre (5 vezes por semana ou mais)","","","","","","","","","","","Muito","Avançado","Pouco","Avançado","Avançado","Intermediário","Intermediário","Básico","Básico","Não fala","Às vezes","Sempre","Nunca","Nunca","Nunca","Pouco","Pouco","Não leio","Não leio jormal","De 3 até 6","Biográfico;Aventura","Não","Católica","Cinema;Filmes na internet;Música;TV;Viagens;Games","Indicação de familiar/amigo","Minha intenção é seguir esta carreira","Obter novos conhecimentos;Obter competências para exercício de uma profissão;Conhecer novas pessoas;Melhorar-me como pessoa para bons relacionamentos futuros","Melhorar cargo e salário na empresa que trabalho","Não","Sim, no SENAI","Carro (próprio)","Não. "
"2022/09/10 9:44:59 AM GMT-3","ADS","Noturno","2013015","São Paulo (SP)","FRANCA","Homem cis","Heterossexual","27","Fevereiro","2002","Solteiro(a)","Nenhuma","Nenhum","Com pais e(ou) parentes","4 pessoas","Próprio","Mais de 5 anos","Cachorro","Futebol/Futsal;Corrida/Caminhada;Academia","Mais que 2 até 5 SM (R$ 2.424 - R$6.060 )","2","1","0","1","1","0","4+","0","2","Não","Sim","Não","Não","Sim","Sou registrado no comércio","Trabalho fora da área do curso","Manhã e tarde","Magazine Luiza","Tenho e é pago parcialmente pela empresa","Ensino Médio","Ensino fundamental II (6º ao 9º anos)","Sempre em escola pública","Sempre (5 vezes por semana ou mais)","","","","","","","","","","","Muito","Intermediário","Pouco","Intermediário","Intermediário","Intermediário","Pouco","Básico","Não fala","Não fala","Nunca","Sempre","Nunca","Nunca","Nunca","Sempre","Às vezes","Raramente","Classificados","Nenhum","Não leio","Não","Católica","Cinema;Filmes na internet;Música;TV;Viagens;Games","Indicação de familiar/amigo","Minha intenção é seguir esta carreira","Obter novos conhecimentos;Obter competências para exercício de uma profissão;Obter um diploma de nível superior","Melhorar cargo e salário na empresa que trabalho","Não","Sim, no SENAI","Carro (próprio)","Conquistar uma vaga de emprego na area"